CARRIER,DEST,DISTANCE,FL_DATE,ORIGIN,DAY_WEEK,Flight Status,,,,,,
OH,JFK,184,01-01-04,BWI,4,ontime,,,,,,
DH,JFK,213,01-01-04,DCA,4,ontime,,,,,,
DH,LGA,229,01-01-04,IAD,4,ontime,,,,,,
DH,LGA,229,01-01-04,IAD,4,ontime,,,,,,
DH,LGA,229,01-01-04,IAD,4,ontime,,,,,,
DH,JFK,228,01-01-04,IAD,4,ontime,,,,,,
DH,JFK,228,01-01-04,IAD,4,ontime,,,,,,
DH,JFK,228,01-01-04,IAD,4,ontime,,,,,,
DH,JFK,228,01-01-04,IAD,4,ontime,,,,,,
DH,JFK,228,01-01-04,IAD,4,ontime,,,,,,
DH,LGA,229,01-01-04,IAD,4,ontime,,,,,,
DL,JFK,213,01-01-04,DCA,4,ontime,,,,,,
DL,LGA,214,01-01-04,DCA,4,ontime,,,,,,
DL,LGA,214,01-01-04,DCA,4,ontime,,,,,,
DL,LGA,214,01-01-04,DCA,4,ontime,,,,,,
DL,LGA,214,01-01-04,DCA,4,ontime,,,,,,
DL,LGA,214,01-01-04,DCA,4,ontime,,,,,,
MQ,JFK,213,01-01-04,DCA,4,ontime,,,,,,
MQ,JFK,213,01-01-04,DCA,4,ontime,,,,,,
MQ,JFK,213,01-01-04,DCA,4,ontime,,,,,,
MQ,LGA,214,01-01-04,DCA,4,ontime,,,,,,
MQ,LGA,214,01-01-04,DCA,4,ontime,,,,,,
MQ,LGA,214,01-01-04,DCA,4,ontime,,,,,,
MQ,LGA,214,01-01-04,DCA,4,ontime,,,,,,
MQ,LGA,214,01-01-04,DCA,4,ontime,,,,,,
UA,LGA,229,01-01-04,IAD,4,ontime,,,,,,
US,LGA,214,01-01-04,DCA,4,ontime,,,,,,
US,LGA,214,01-01-04,DCA,4,ontime,,,,,,
US,LGA,214,01-01-04,DCA,4,ontime,,,,,,
US,LGA,214,01-01-04,DCA,4,ontime,,,,,,
US,LGA,214,01-01-04,DCA,4,ontime,,,,,,
US,LGA,214,01-01-04,DCA,4,ontime,,,,,,
RU,EWR,169,01-01-04,BWI,4,ontime,,,,,,
RU,EWR,169,01-01-04,BWI,4,ontime,,,,,,
RU,EWR,169,01-01-04,BWI,4,ontime,,,,,,
RU,EWR,169,01-01-04,BWI,4,ontime,,,,,,
CO,EWR,199,01-01-04,DCA,4,ontime,,,,,,
CO,EWR,199,01-01-04,DCA,4,ontime,,,,,,
DH,EWR,213,01-01-04,IAD,4,ontime,,,,,,
DH,EWR,213,01-01-04,IAD,4,ontime,,,,,,
DH,EWR,213,01-01-04,IAD,4,ontime,,,,,,
DH,EWR,213,01-01-04,IAD,4,ontime,,,,,,
RU,EWR,213,01-01-04,IAD,4,ontime,,,,,,
RU,EWR,213,01-01-04,IAD,4,ontime,,,,,,
RU,EWR,199,01-01-04,DCA,4,ontime,,,,,,
RU,EWR,199,01-01-04,DCA,4,ontime,,,,,,
RU,EWR,199,01-01-04,DCA,4,ontime,,,,,,
RU,EWR,213,01-01-04,IAD,4,ontime,,,,,,
RU,EWR,213,01-01-04,IAD,4,ontime,,,,,,
RU,EWR,199,01-01-04,DCA,4,ontime,,,,,,
RU,EWR,214,01-01-04,DCA,4,delayed,,,,,,
OH,JFK,184,02-01-04,BWI,5,ontime,,,,,,
DH,JFK,213,02-01-04,DCA,5,ontime,,,,,,
DH,LGA,229,02-01-04,IAD,5,ontime,,,,,,
DH,LGA,229,02-01-04,IAD,5,delayed,,,,,,
DH,LGA,229,02-01-04,IAD,5,ontime,,,,,,
DH,LGA,229,02-01-04,IAD,5,ontime,,,,,,
DH,LGA,229,02-01-04,IAD,5,delayed,,,,,,
DH,JFK,228,02-01-04,IAD,5,ontime,,,,,,
DH,JFK,228,02-01-04,IAD,5,ontime,,,,,,
DH,JFK,228,02-01-04,IAD,5,ontime,,,,,,
DH,JFK,228,02-01-04,IAD,5,ontime,,,,,,
DH,JFK,228,02-01-04,IAD,5,ontime,,,,,,
DH,JFK,228,02-01-04,IAD,5,delayed,,,,,,
DH,JFK,228,02-01-04,IAD,5,ontime,,,,,,
DH,LGA,229,02-01-04,IAD,5,ontime,,,,,,
DL,JFK,213,02-01-04,DCA,5,ontime,,,,,,
DL,LGA,214,02-01-04,DCA,5,ontime,,,,,,
DL,LGA,214,02-01-04,DCA,5,ontime,,,,,,
DL,LGA,214,02-01-04,DCA,5,ontime,,,,,,
DL,LGA,214,02-01-04,DCA,5,ontime,,,,,,
DL,LGA,214,02-01-04,DCA,5,ontime,,,,,,
MQ,JFK,213,02-01-04,DCA,5,ontime,,,,,,
MQ,JFK,213,02-01-04,DCA,5,ontime,,,,,,
MQ,JFK,213,02-01-04,DCA,5,ontime,,,,,,
MQ,LGA,214,02-01-04,DCA,5,ontime,,,,,,
MQ,LGA,214,02-01-04,DCA,5,ontime,,,,,,
MQ,LGA,214,02-01-04,DCA,5,ontime,,,,,,
MQ,LGA,214,02-01-04,DCA,5,ontime,,,,,,
MQ,LGA,214,02-01-04,DCA,5,ontime,,,,,,
UA,LGA,229,02-01-04,IAD,5,ontime,,,,,,
US,LGA,214,02-01-04,DCA,5,ontime,,,,,,
US,LGA,214,02-01-04,DCA,5,ontime,,,,,,
US,LGA,214,02-01-04,DCA,5,ontime,,,,,,
US,LGA,214,02-01-04,DCA,5,ontime,,,,,,
US,LGA,214,02-01-04,DCA,5,ontime,,,,,,
US,LGA,214,02-01-04,DCA,5,ontime,,,,,,
US,LGA,214,02-01-04,DCA,5,ontime,,,,,,
US,LGA,214,02-01-04,DCA,5,ontime,,,,,,
RU,EWR,169,02-01-04,BWI,5,ontime,,,,,,
RU,EWR,169,02-01-04,BWI,5,ontime,,,,,,
RU,EWR,169,02-01-04,BWI,5,ontime,,,,,,
RU,EWR,169,02-01-04,BWI,5,ontime,,,,,,
CO,EWR,199,02-01-04,DCA,5,ontime,,,,,,
CO,EWR,199,02-01-04,DCA,5,ontime,,,,,,
CO,EWR,199,02-01-04,DCA,5,ontime,,,,,,
DH,EWR,213,02-01-04,IAD,5,ontime,,,,,,
DH,EWR,213,02-01-04,IAD,5,delayed,,,,,,
DH,EWR,213,02-01-04,IAD,5,delayed,,,,,,
DH,EWR,213,02-01-04,IAD,5,ontime,,,,,,
RU,EWR,199,02-01-04,DCA,5,ontime,,,,,,
RU,EWR,213,02-01-04,IAD,5,ontime,,,,,,
RU,EWR,199,02-01-04,DCA,5,ontime,,,,,,
RU,EWR,199,02-01-04,DCA,5,ontime,,,,,,
RU,EWR,213,02-01-04,IAD,5,ontime,,,,,,
RU,EWR,213,02-01-04,IAD,5,ontime,,,,,,
RU,EWR,213,02-01-04,IAD,5,ontime,,,,,,
RU,EWR,213,02-01-04,IAD,5,ontime,,,,,,
RU,EWR,199,02-01-04,DCA,5,ontime,,,,,,
RU,EWR,199,02-01-04,DCA,5,ontime,,,,,,
RU,EWR,199,02-01-04,DCA,5,ontime,,,,,,
RU,EWR,213,02-01-04,IAD,5,delayed,,,,,,
RU,EWR,199,02-01-04,DCA,5,ontime,,,,,,
DH,LGA,229,03-01-04,IAD,6,ontime,,,,,,
DH,LGA,229,03-01-04,IAD,6,ontime,,,,,,
DH,LGA,229,03-01-04,IAD,6,ontime,,,,,,
DH,LGA,229,03-01-04,IAD,6,ontime,,,,,,
DH,JFK,228,03-01-04,IAD,6,ontime,,,,,,
DH,JFK,228,03-01-04,IAD,6,ontime,,,,,,
DH,JFK,228,03-01-04,IAD,6,ontime,,,,,,
DH,JFK,228,03-01-04,IAD,6,ontime,,,,,,
DH,JFK,228,03-01-04,IAD,6,ontime,,,,,,
DH,JFK,228,03-01-04,IAD,6,delayed,,,,,,
DH,JFK,228,03-01-04,IAD,6,ontime,,,,,,
DH,LGA,229,03-01-04,IAD,6,ontime,,,,,,
DL,JFK,213,03-01-04,DCA,6,delayed,,,,,,
DL,LGA,214,03-01-04,DCA,6,ontime,,,,,,
DL,LGA,214,03-01-04,DCA,6,ontime,,,,,,
DL,LGA,214,03-01-04,DCA,6,ontime,,,,,,
DL,LGA,214,03-01-04,DCA,6,ontime,,,,,,
DL,LGA,214,03-01-04,DCA,6,ontime,,,,,,
DL,LGA,214,03-01-04,DCA,6,ontime,,,,,,
DL,LGA,214,03-01-04,DCA,6,ontime,,,,,,
MQ,JFK,213,03-01-04,DCA,6,delayed,,,,,,
MQ,JFK,213,03-01-04,DCA,6,ontime,,,,,,
MQ,JFK,213,03-01-04,DCA,6,ontime,,,,,,
MQ,LGA,214,03-01-04,DCA,6,ontime,,,,,,
MQ,LGA,214,03-01-04,DCA,6,ontime,,,,,,
UA,LGA,229,03-01-04,IAD,6,ontime,,,,,,
US,LGA,214,03-01-04,DCA,6,ontime,,,,,,
US,LGA,214,03-01-04,DCA,6,ontime,,,,,,
US,LGA,214,03-01-04,DCA,6,ontime,,,,,,
US,LGA,214,03-01-04,DCA,6,ontime,,,,,,
US,LGA,214,03-01-04,DCA,6,ontime,,,,,,
US,LGA,214,03-01-04,DCA,6,ontime,,,,,,
US,LGA,214,03-01-04,DCA,6,ontime,,,,,,
RU,EWR,169,03-01-04,BWI,6,ontime,,,,,,
RU,EWR,169,03-01-04,BWI,6,ontime,,,,,,
RU,EWR,169,03-01-04,BWI,6,ontime,,,,,,
RU,EWR,169,03-01-04,BWI,6,ontime,,,,,,
CO,EWR,199,03-01-04,DCA,6,ontime,,,,,,
DH,EWR,213,03-01-04,IAD,6,delayed,,,,,,
DH,EWR,213,03-01-04,IAD,6,ontime,,,,,,
DH,EWR,213,03-01-04,IAD,6,delayed,,,,,,
DH,EWR,213,03-01-04,IAD,6,ontime,,,,,,
DH,EWR,213,03-01-04,IAD,6,ontime,,,,,,
RU,EWR,213,03-01-04,IAD,6,ontime,,,,,,
RU,EWR,199,03-01-04,DCA,6,ontime,,,,,,
RU,EWR,213,03-01-04,IAD,6,ontime,,,,,,
RU,EWR,199,03-01-04,DCA,6,ontime,,,,,,
RU,EWR,199,03-01-04,DCA,6,ontime,,,,,,
RU,EWR,199,03-01-04,DCA,6,ontime,,,,,,
RU,EWR,213,03-01-04,IAD,6,ontime,,,,,,
RU,EWR,199,03-01-04,DCA,6,ontime,,,,,,
OH,JFK,184,04-01-04,BWI,7,delayed,,,,,,
DH,JFK,213,04-01-04,DCA,7,ontime,,,,,,
DH,LGA,229,04-01-04,IAD,7,ontime,,,,,,
DH,LGA,229,04-01-04,IAD,7,delayed,,,,,,
DH,LGA,229,04-01-04,IAD,7,delayed,,,,,,
DH,LGA,229,04-01-04,IAD,7,ontime,,,,,,
DH,LGA,229,04-01-04,IAD,7,ontime,,,,,,
DH,JFK,228,04-01-04,IAD,7,ontime,,,,,,
DH,JFK,228,04-01-04,IAD,7,ontime,,,,,,
DH,JFK,228,04-01-04,IAD,7,ontime,,,,,,
DH,JFK,228,04-01-04,IAD,7,ontime,,,,,,
DH,JFK,228,04-01-04,IAD,7,ontime,,,,,,
DH,JFK,228,04-01-04,IAD,7,ontime,,,,,,
DH,JFK,228,04-01-04,IAD,7,ontime,,,,,,
DH,LGA,229,04-01-04,IAD,7,ontime,,,,,,
DL,JFK,213,04-01-04,DCA,7,ontime,,,,,,
DL,LGA,214,04-01-04,DCA,7,ontime,,,,,,
DL,LGA,214,04-01-04,DCA,7,ontime,,,,,,
DL,LGA,214,04-01-04,DCA,7,ontime,,,,,,
DL,LGA,214,04-01-04,DCA,7,ontime,,,,,,
DL,LGA,214,04-01-04,DCA,7,ontime,,,,,,
DL,LGA,214,04-01-04,DCA,7,ontime,,,,,,
DL,LGA,214,04-01-04,DCA,7,ontime,,,,,,
MQ,JFK,213,04-01-04,DCA,7,delayed,,,,,,
MQ,JFK,213,04-01-04,DCA,7,ontime,,,,,,
MQ,JFK,213,04-01-04,DCA,7,ontime,,,,,,
MQ,JFK,213,04-01-04,DCA,7,delayed,,,,,,
MQ,LGA,214,04-01-04,DCA,7,ontime,,,,,,
MQ,LGA,214,04-01-04,DCA,7,delayed,,,,,,
MQ,LGA,214,04-01-04,DCA,7,ontime,,,,,,
MQ,LGA,214,04-01-04,DCA,7,delayed,,,,,,
UA,LGA,229,04-01-04,IAD,7,ontime,,,,,,
US,LGA,214,04-01-04,DCA,7,ontime,,,,,,
US,LGA,214,04-01-04,DCA,7,ontime,,,,,,
US,LGA,214,04-01-04,DCA,7,ontime,,,,,,
US,LGA,214,04-01-04,DCA,7,ontime,,,,,,
US,LGA,214,04-01-04,DCA,7,ontime,,,,,,
US,LGA,214,04-01-04,DCA,7,ontime,,,,,,
US,LGA,214,04-01-04,DCA,7,ontime,,,,,,
US,LGA,214,04-01-04,DCA,7,ontime,,,,,,
US,LGA,214,04-01-04,DCA,7,ontime,,,,,,
US,LGA,214,04-01-04,DCA,7,ontime,,,,,,
US,LGA,214,04-01-04,DCA,7,ontime,,,,,,
US,LGA,214,04-01-04,DCA,7,ontime,,,,,,
US,LGA,214,04-01-04,DCA,7,ontime,,,,,,
RU,EWR,169,04-01-04,BWI,7,delayed,,,,,,
RU,EWR,169,04-01-04,BWI,7,delayed,,,,,,
RU,EWR,169,04-01-04,BWI,7,delayed,,,,,,
RU,EWR,169,04-01-04,BWI,7,delayed,,,,,,
CO,EWR,199,04-01-04,DCA,7,ontime,,,,,,
CO,EWR,199,04-01-04,DCA,7,delayed,,,,,,
DH,EWR,213,04-01-04,IAD,7,ontime,,,,,,
DH,EWR,213,04-01-04,IAD,7,delayed,,,,,,
DH,EWR,213,04-01-04,IAD,7,delayed,,,,,,
DH,EWR,213,04-01-04,IAD,7,delayed,,,,,,
DH,EWR,213,04-01-04,IAD,7,delayed,,,,,,
RU,EWR,199,04-01-04,DCA,7,delayed,,,,,,
RU,EWR,199,04-01-04,DCA,7,ontime,,,,,,
RU,EWR,213,04-01-04,IAD,7,ontime,,,,,,
RU,EWR,213,04-01-04,IAD,7,delayed,,,,,,
RU,EWR,199,04-01-04,DCA,7,delayed,,,,,,
RU,EWR,199,04-01-04,DCA,7,delayed,,,,,,
RU,EWR,213,04-01-04,IAD,7,delayed,,,,,,
OH,JFK,184,05-01-04,BWI,1,delayed,,,,,,
DH,JFK,213,05-01-04,DCA,1,delayed,,,,,,
DH,LGA,229,05-01-04,IAD,1,delayed,,,,,,
DH,LGA,229,05-01-04,IAD,1,delayed,,,,,,
DH,LGA,229,05-01-04,IAD,1,delayed,,,,,,
DH,LGA,229,05-01-04,IAD,1,delayed,,,,,,
DH,LGA,229,05-01-04,IAD,1,ontime,,,,,,
DH,JFK,228,05-01-04,IAD,1,delayed,,,,,,
DH,JFK,228,05-01-04,IAD,1,delayed,,,,,,
DH,JFK,228,05-01-04,IAD,1,ontime,,,,,,
DH,JFK,228,05-01-04,IAD,1,ontime,,,,,,
DH,JFK,228,05-01-04,IAD,1,delayed,,,,,,
DH,JFK,228,05-01-04,IAD,1,delayed,,,,,,
DH,LGA,229,05-01-04,IAD,1,ontime,,,,,,
DL,JFK,213,05-01-04,DCA,1,ontime,,,,,,
DL,LGA,214,05-01-04,DCA,1,ontime,,,,,,
DL,LGA,214,05-01-04,DCA,1,ontime,,,,,,
DL,LGA,214,05-01-04,DCA,1,ontime,,,,,,
DL,LGA,214,05-01-04,DCA,1,ontime,,,,,,
DL,LGA,214,05-01-04,DCA,1,ontime,,,,,,
DL,LGA,214,05-01-04,DCA,1,ontime,,,,,,
DL,LGA,214,05-01-04,DCA,1,ontime,,,,,,
DL,LGA,214,05-01-04,DCA,1,ontime,,,,,,
DL,LGA,214,05-01-04,DCA,1,ontime,,,,,,
DL,LGA,214,05-01-04,DCA,1,ontime,,,,,,
DL,LGA,214,05-01-04,DCA,1,ontime,,,,,,
DL,LGA,214,05-01-04,DCA,1,ontime,,,,,,
DL,LGA,214,05-01-04,DCA,1,delayed,,,,,,
DL,LGA,214,05-01-04,DCA,1,ontime,,,,,,
MQ,JFK,213,05-01-04,DCA,1,ontime,,,,,,
MQ,JFK,213,05-01-04,DCA,1,ontime,,,,,,
MQ,LGA,214,05-01-04,DCA,1,ontime,,,,,,
MQ,LGA,214,05-01-04,DCA,1,ontime,,,,,,
MQ,LGA,214,05-01-04,DCA,1,ontime,,,,,,
MQ,LGA,214,05-01-04,DCA,1,ontime,,,,,,
MQ,LGA,214,05-01-04,DCA,1,ontime,,,,,,
MQ,LGA,214,05-01-04,DCA,1,delayed,,,,,,
MQ,LGA,214,05-01-04,DCA,1,ontime,,,,,,
MQ,LGA,214,05-01-04,DCA,1,delayed,,,,,,
UA,LGA,229,05-01-04,IAD,1,ontime,,,,,,
US,LGA,214,05-01-04,DCA,1,delayed,,,,,,
US,LGA,214,05-01-04,DCA,1,ontime,,,,,,
US,LGA,214,05-01-04,DCA,1,ontime,,,,,,
US,LGA,214,05-01-04,DCA,1,ontime,,,,,,
US,LGA,214,05-01-04,DCA,1,ontime,,,,,,
US,LGA,214,05-01-04,DCA,1,ontime,,,,,,
US,LGA,214,05-01-04,DCA,1,ontime,,,,,,
US,LGA,214,05-01-04,DCA,1,ontime,,,,,,
US,LGA,214,05-01-04,DCA,1,ontime,,,,,,
US,LGA,214,05-01-04,DCA,1,ontime,,,,,,
US,LGA,214,05-01-04,DCA,1,ontime,,,,,,
US,LGA,214,05-01-04,DCA,1,ontime,,,,,,
US,LGA,214,05-01-04,DCA,1,ontime,,,,,,
US,LGA,214,05-01-04,DCA,1,ontime,,,,,,
US,LGA,214,05-01-04,DCA,1,ontime,,,,,,
US,LGA,214,05-01-04,DCA,1,ontime,,,,,,
RU,EWR,169,05-01-04,BWI,1,delayed,,,,,,
RU,EWR,169,05-01-04,BWI,1,delayed,,,,,,
RU,EWR,169,05-01-04,BWI,1,delayed,,,,,,
CO,EWR,199,05-01-04,DCA,1,delayed,,,,,,
CO,EWR,199,05-01-04,DCA,1,ontime,,,,,,
CO,EWR,199,05-01-04,DCA,1,delayed,,,,,,
DH,EWR,213,05-01-04,IAD,1,ontime,,,,,,
DH,EWR,213,05-01-04,IAD,1,delayed,,,,,,
DH,EWR,213,05-01-04,IAD,1,delayed,,,,,,
DH,EWR,213,05-01-04,IAD,1,delayed,,,,,,
DH,EWR,213,05-01-04,IAD,1,delayed,,,,,,
DH,EWR,213,05-01-04,IAD,1,ontime,,,,,,
RU,EWR,199,05-01-04,DCA,1,ontime,,,,,,
RU,EWR,199,05-01-04,DCA,1,delayed,,,,,,
RU,EWR,213,05-01-04,IAD,1,delayed,,,,,,
RU,EWR,199,05-01-04,DCA,1,ontime,,,,,,
RU,EWR,213,05-01-04,IAD,1,ontime,,,,,,
RU,EWR,199,05-01-04,DCA,1,delayed,,,,,,
RU,EWR,199,05-01-04,DCA,1,delayed,,,,,,
RU,EWR,213,05-01-04,IAD,1,delayed,,,,,,
RU,EWR,213,05-01-04,IAD,1,ontime,,,,,,
RU,EWR,199,05-01-04,DCA,1,delayed,,,,,,
OH,JFK,184,06-01-04,BWI,2,ontime,,,,,,
DH,LGA,229,06-01-04,IAD,2,ontime,,,,,,
DH,LGA,229,06-01-04,IAD,2,ontime,,,,,,
DH,LGA,229,06-01-04,IAD,2,ontime,,,,,,
DH,LGA,229,06-01-04,IAD,2,ontime,,,,,,
DH,LGA,229,06-01-04,IAD,2,ontime,,,,,,
DH,JFK,228,06-01-04,IAD,2,ontime,,,,,,
DH,JFK,228,06-01-04,IAD,2,ontime,,,,,,
DH,JFK,228,06-01-04,IAD,2,ontime,,,,,,
DH,JFK,228,06-01-04,IAD,2,ontime,,,,,,
DH,JFK,228,06-01-04,IAD,2,delayed,,,,,,
DH,JFK,228,06-01-04,IAD,2,delayed,,,,,,
DH,JFK,228,06-01-04,IAD,2,ontime,,,,,,
DH,LGA,229,06-01-04,IAD,2,ontime,,,,,,
DL,JFK,213,06-01-04,DCA,2,ontime,,,,,,
DL,LGA,214,06-01-04,DCA,2,ontime,,,,,,
DL,LGA,214,06-01-04,DCA,2,ontime,,,,,,
DL,LGA,214,06-01-04,DCA,2,ontime,,,,,,
DL,LGA,214,06-01-04,DCA,2,ontime,,,,,,
DL,LGA,214,06-01-04,DCA,2,ontime,,,,,,
DL,LGA,214,06-01-04,DCA,2,ontime,,,,,,
DL,LGA,214,06-01-04,DCA,2,ontime,,,,,,
DL,LGA,214,06-01-04,DCA,2,ontime,,,,,,
DL,LGA,214,06-01-04,DCA,2,ontime,,,,,,
DL,LGA,214,06-01-04,DCA,2,ontime,,,,,,
DL,LGA,214,06-01-04,DCA,2,ontime,,,,,,
DL,LGA,214,06-01-04,DCA,2,ontime,,,,,,
DL,LGA,214,06-01-04,DCA,2,ontime,,,,,,
DL,LGA,214,06-01-04,DCA,2,ontime,,,,,,
DL,LGA,214,06-01-04,DCA,2,ontime,,,,,,
MQ,JFK,213,06-01-04,DCA,2,ontime,,,,,,
MQ,JFK,213,06-01-04,DCA,2,ontime,,,,,,
MQ,JFK,213,06-01-04,DCA,2,ontime,,,,,,
MQ,LGA,214,06-01-04,DCA,2,ontime,,,,,,
MQ,LGA,214,06-01-04,DCA,2,ontime,,,,,,
MQ,LGA,214,06-01-04,DCA,2,ontime,,,,,,
MQ,LGA,214,06-01-04,DCA,2,ontime,,,,,,
MQ,LGA,214,06-01-04,DCA,2,ontime,,,,,,
MQ,LGA,214,06-01-04,DCA,2,ontime,,,,,,
MQ,LGA,214,06-01-04,DCA,2,delayed,,,,,,
MQ,LGA,214,06-01-04,DCA,2,ontime,,,,,,
MQ,LGA,214,06-01-04,DCA,2,ontime,,,,,,
MQ,LGA,214,06-01-04,DCA,2,ontime,,,,,,
UA,LGA,229,06-01-04,IAD,2,ontime,,,,,,
US,LGA,214,06-01-04,DCA,2,ontime,,,,,,
US,LGA,214,06-01-04,DCA,2,ontime,,,,,,
US,LGA,214,06-01-04,DCA,2,ontime,,,,,,
US,LGA,214,06-01-04,DCA,2,ontime,,,,,,
US,LGA,214,06-01-04,DCA,2,ontime,,,,,,
US,LGA,214,06-01-04,DCA,2,ontime,,,,,,
US,LGA,214,06-01-04,DCA,2,ontime,,,,,,
US,LGA,214,06-01-04,DCA,2,ontime,,,,,,
US,LGA,214,06-01-04,DCA,2,ontime,,,,,,
US,LGA,214,06-01-04,DCA,2,ontime,,,,,,
US,LGA,214,06-01-04,DCA,2,ontime,,,,,,
US,LGA,214,06-01-04,DCA,2,ontime,,,,,,
US,LGA,214,06-01-04,DCA,2,ontime,,,,,,
US,LGA,214,06-01-04,DCA,2,ontime,,,,,,
US,LGA,214,06-01-04,DCA,2,ontime,,,,,,
US,LGA,214,06-01-04,DCA,2,ontime,,,,,,
RU,EWR,169,06-01-04,BWI,2,ontime,,,,,,
RU,EWR,169,06-01-04,BWI,2,delayed,,,,,,
RU,EWR,169,06-01-04,BWI,2,ontime,,,,,,
RU,EWR,169,06-01-04,BWI,2,ontime,,,,,,
CO,EWR,199,06-01-04,DCA,2,delayed,,,,,,
CO,EWR,199,06-01-04,DCA,2,ontime,,,,,,
CO,EWR,199,06-01-04,DCA,2,delayed,,,,,,
CO,EWR,199,06-01-04,DCA,2,ontime,,,,,,
DH,EWR,213,06-01-04,IAD,2,ontime,,,,,,
DH,EWR,213,06-01-04,IAD,2,ontime,,,,,,
DH,EWR,213,06-01-04,IAD,2,ontime,,,,,,
DH,EWR,213,06-01-04,IAD,2,ontime,,,,,,
DH,EWR,213,06-01-04,IAD,2,ontime,,,,,,
DH,EWR,213,06-01-04,IAD,2,ontime,,,,,,
RU,EWR,199,06-01-04,DCA,2,delayed,,,,,,
RU,EWR,199,06-01-04,DCA,2,ontime,,,,,,
RU,EWR,213,06-01-04,IAD,2,delayed,,,,,,
RU,EWR,213,06-01-04,IAD,2,ontime,,,,,,
RU,EWR,213,06-01-04,IAD,2,ontime,,,,,,
RU,EWR,199,06-01-04,DCA,2,delayed,,,,,,
RU,EWR,213,06-01-04,IAD,2,ontime,,,,,,
RU,EWR,199,06-01-04,DCA,2,ontime,,,,,,
RU,EWR,213,06-01-04,IAD,2,ontime,,,,,,
RU,EWR,199,06-01-04,DCA,2,ontime,,,,,,
RU,EWR,199,06-01-04,DCA,2,ontime,,,,,,
OH,JFK,184,07-01-04,BWI,3,ontime,,,,,,
DH,JFK,213,07-01-04,DCA,3,ontime,,,,,,
DH,LGA,229,07-01-04,IAD,3,ontime,,,,,,
DH,LGA,229,07-01-04,IAD,3,ontime,,,,,,
DH,LGA,229,07-01-04,IAD,3,delayed,,,,,,
DH,LGA,229,07-01-04,IAD,3,ontime,,,,,,
DH,LGA,229,07-01-04,IAD,3,ontime,,,,,,
DH,JFK,228,07-01-04,IAD,3,ontime,,,,,,
DH,JFK,228,07-01-04,IAD,3,ontime,,,,,,
DH,JFK,228,07-01-04,IAD,3,ontime,,,,,,
DH,JFK,228,07-01-04,IAD,3,ontime,,,,,,
DH,JFK,228,07-01-04,IAD,3,delayed,,,,,,
DH,JFK,228,07-01-04,IAD,3,ontime,,,,,,
DH,JFK,228,07-01-04,IAD,3,ontime,,,,,,
DL,JFK,213,07-01-04,DCA,3,ontime,,,,,,
DL,LGA,214,07-01-04,DCA,3,ontime,,,,,,
DL,LGA,214,07-01-04,DCA,3,ontime,,,,,,
DL,LGA,214,07-01-04,DCA,3,ontime,,,,,,
DL,LGA,214,07-01-04,DCA,3,ontime,,,,,,
DL,LGA,214,07-01-04,DCA,3,ontime,,,,,,
DL,LGA,214,07-01-04,DCA,3,ontime,,,,,,
DL,LGA,214,07-01-04,DCA,3,ontime,,,,,,
DL,LGA,214,07-01-04,DCA,3,ontime,,,,,,
DL,LGA,214,07-01-04,DCA,3,ontime,,,,,,
DL,LGA,214,07-01-04,DCA,3,ontime,,,,,,
DL,LGA,214,07-01-04,DCA,3,ontime,,,,,,
DL,LGA,214,07-01-04,DCA,3,ontime,,,,,,
DL,LGA,214,07-01-04,DCA,3,ontime,,,,,,
DL,LGA,214,07-01-04,DCA,3,ontime,,,,,,
MQ,JFK,213,07-01-04,DCA,3,ontime,,,,,,
MQ,JFK,213,07-01-04,DCA,3,ontime,,,,,,
MQ,JFK,213,07-01-04,DCA,3,delayed,,,,,,
MQ,LGA,214,07-01-04,DCA,3,ontime,,,,,,
MQ,LGA,214,07-01-04,DCA,3,ontime,,,,,,
MQ,LGA,214,07-01-04,DCA,3,ontime,,,,,,
MQ,LGA,214,07-01-04,DCA,3,ontime,,,,,,
MQ,LGA,214,07-01-04,DCA,3,ontime,,,,,,
MQ,LGA,214,07-01-04,DCA,3,ontime,,,,,,
MQ,LGA,214,07-01-04,DCA,3,delayed,,,,,,
MQ,LGA,214,07-01-04,DCA,3,delayed,,,,,,
MQ,LGA,214,07-01-04,DCA,3,delayed,,,,,,
UA,LGA,229,07-01-04,IAD,3,ontime,,,,,,
US,LGA,214,07-01-04,DCA,3,ontime,,,,,,
US,LGA,214,07-01-04,DCA,3,ontime,,,,,,
US,LGA,214,07-01-04,DCA,3,ontime,,,,,,
US,LGA,214,07-01-04,DCA,3,ontime,,,,,,
US,LGA,214,07-01-04,DCA,3,ontime,,,,,,
US,LGA,214,07-01-04,DCA,3,ontime,,,,,,
US,LGA,214,07-01-04,DCA,3,ontime,,,,,,
US,LGA,214,07-01-04,DCA,3,ontime,,,,,,
US,LGA,214,07-01-04,DCA,3,ontime,,,,,,
US,LGA,214,07-01-04,DCA,3,delayed,,,,,,
US,LGA,214,07-01-04,DCA,3,delayed,,,,,,
US,LGA,214,07-01-04,DCA,3,ontime,,,,,,
US,LGA,214,07-01-04,DCA,3,ontime,,,,,,
US,LGA,214,07-01-04,DCA,3,ontime,,,,,,
US,LGA,214,07-01-04,DCA,3,delayed,,,,,,
US,LGA,214,07-01-04,DCA,3,ontime,,,,,,
RU,EWR,169,07-01-04,BWI,3,ontime,,,,,,
RU,EWR,169,07-01-04,BWI,3,ontime,,,,,,
RU,EWR,169,07-01-04,BWI,3,delayed,,,,,,
RU,EWR,169,07-01-04,BWI,3,delayed,,,,,,
CO,EWR,199,07-01-04,DCA,3,ontime,,,,,,
CO,EWR,199,07-01-04,DCA,3,delayed,,,,,,
CO,EWR,199,07-01-04,DCA,3,delayed,,,,,,
CO,EWR,199,07-01-04,DCA,3,ontime,,,,,,
DH,EWR,213,07-01-04,IAD,3,ontime,,,,,,
DH,EWR,213,07-01-04,IAD,3,ontime,,,,,,
DH,EWR,213,07-01-04,IAD,3,delayed,,,,,,
DH,EWR,213,07-01-04,IAD,3,ontime,,,,,,
DH,EWR,213,07-01-04,IAD,3,ontime,,,,,,
DH,EWR,213,07-01-04,IAD,3,ontime,,,,,,
RU,EWR,199,07-01-04,DCA,3,ontime,,,,,,
RU,EWR,213,07-01-04,IAD,3,delayed,,,,,,
RU,EWR,213,07-01-04,IAD,3,delayed,,,,,,
RU,EWR,199,07-01-04,DCA,3,ontime,,,,,,
RU,EWR,213,07-01-04,IAD,3,ontime,,,,,,
RU,EWR,213,07-01-04,IAD,3,ontime,,,,,,
RU,EWR,213,07-01-04,IAD,3,delayed,,,,,,
RU,EWR,199,07-01-04,DCA,3,ontime,,,,,,
RU,EWR,199,07-01-04,DCA,3,ontime,,,,,,
RU,EWR,199,07-01-04,DCA,3,ontime,,,,,,
RU,EWR,199,07-01-04,DCA,3,ontime,,,,,,
OH,JFK,184,08-01-04,BWI,4,ontime,,,,,,
DH,JFK,213,08-01-04,DCA,4,delayed,,,,,,
DH,LGA,229,08-01-04,IAD,4,ontime,,,,,,
DH,LGA,229,08-01-04,IAD,4,delayed,,,,,,
DH,LGA,229,08-01-04,IAD,4,delayed,,,,,,
DH,LGA,229,08-01-04,IAD,4,delayed,,,,,,
DH,LGA,229,08-01-04,IAD,4,ontime,,,,,,
DH,LGA,229,08-01-04,IAD,4,ontime,,,,,,
DH,JFK,228,08-01-04,IAD,4,ontime,,,,,,
DH,JFK,228,08-01-04,IAD,4,ontime,,,,,,
DH,JFK,228,08-01-04,IAD,4,ontime,,,,,,
DH,JFK,228,08-01-04,IAD,4,ontime,,,,,,
DH,JFK,228,08-01-04,IAD,4,ontime,,,,,,
DH,JFK,228,08-01-04,IAD,4,ontime,,,,,,
DH,JFK,228,08-01-04,IAD,4,ontime,,,,,,
DL,JFK,213,08-01-04,DCA,4,delayed,,,,,,
DL,LGA,214,08-01-04,DCA,4,ontime,,,,,,
DL,LGA,214,08-01-04,DCA,4,ontime,,,,,,
DL,LGA,214,08-01-04,DCA,4,ontime,,,,,,
DL,LGA,214,08-01-04,DCA,4,ontime,,,,,,
DL,LGA,214,08-01-04,DCA,4,ontime,,,,,,
DL,LGA,214,08-01-04,DCA,4,ontime,,,,,,
DL,LGA,214,08-01-04,DCA,4,ontime,,,,,,
DL,LGA,214,08-01-04,DCA,4,ontime,,,,,,
DL,LGA,214,08-01-04,DCA,4,ontime,,,,,,
DL,LGA,214,08-01-04,DCA,4,ontime,,,,,,
DL,LGA,214,08-01-04,DCA,4,ontime,,,,,,
DL,LGA,214,08-01-04,DCA,4,ontime,,,,,,
DL,LGA,214,08-01-04,DCA,4,ontime,,,,,,
DL,LGA,214,08-01-04,DCA,4,ontime,,,,,,
DL,LGA,214,08-01-04,DCA,4,ontime,,,,,,
MQ,JFK,213,08-01-04,DCA,4,ontime,,,,,,
MQ,JFK,213,08-01-04,DCA,4,ontime,,,,,,
MQ,JFK,213,08-01-04,DCA,4,ontime,,,,,,
MQ,LGA,214,08-01-04,DCA,4,ontime,,,,,,
MQ,LGA,214,08-01-04,DCA,4,ontime,,,,,,
MQ,LGA,214,08-01-04,DCA,4,ontime,,,,,,
MQ,LGA,214,08-01-04,DCA,4,ontime,,,,,,
MQ,LGA,214,08-01-04,DCA,4,ontime,,,,,,
MQ,LGA,214,08-01-04,DCA,4,ontime,,,,,,
MQ,LGA,214,08-01-04,DCA,4,ontime,,,,,,
MQ,LGA,214,08-01-04,DCA,4,ontime,,,,,,
MQ,LGA,214,08-01-04,DCA,4,ontime,,,,,,
UA,LGA,229,08-01-04,IAD,4,ontime,,,,,,
US,LGA,214,08-01-04,DCA,4,ontime,,,,,,
US,LGA,214,08-01-04,DCA,4,ontime,,,,,,
US,LGA,214,08-01-04,DCA,4,ontime,,,,,,
US,LGA,214,08-01-04,DCA,4,ontime,,,,,,
US,LGA,214,08-01-04,DCA,4,ontime,,,,,,
US,LGA,214,08-01-04,DCA,4,ontime,,,,,,
US,LGA,214,08-01-04,DCA,4,ontime,,,,,,
US,LGA,214,08-01-04,DCA,4,ontime,,,,,,
US,LGA,214,08-01-04,DCA,4,ontime,,,,,,
US,LGA,214,08-01-04,DCA,4,ontime,,,,,,
US,LGA,214,08-01-04,DCA,4,ontime,,,,,,
US,LGA,214,08-01-04,DCA,4,delayed,,,,,,
US,LGA,214,08-01-04,DCA,4,ontime,,,,,,
US,LGA,214,08-01-04,DCA,4,delayed,,,,,,
US,LGA,214,08-01-04,DCA,4,delayed,,,,,,
US,LGA,214,08-01-04,DCA,4,ontime,,,,,,
RU,EWR,169,08-01-04,BWI,4,ontime,,,,,,
RU,EWR,169,08-01-04,BWI,4,ontime,,,,,,
RU,EWR,169,08-01-04,BWI,4,ontime,,,,,,
RU,EWR,169,08-01-04,BWI,4,ontime,,,,,,
CO,EWR,199,08-01-04,DCA,4,ontime,,,,,,
CO,EWR,199,08-01-04,DCA,4,ontime,,,,,,
CO,EWR,199,08-01-04,DCA,4,ontime,,,,,,
CO,EWR,199,08-01-04,DCA,4,ontime,,,,,,
DH,EWR,213,08-01-04,IAD,4,ontime,,,,,,
DH,EWR,213,08-01-04,IAD,4,ontime,,,,,,
DH,EWR,213,08-01-04,IAD,4,ontime,,,,,,
DH,EWR,213,08-01-04,IAD,4,ontime,,,,,,
DH,EWR,213,08-01-04,IAD,4,ontime,,,,,,
DH,EWR,213,08-01-04,IAD,4,ontime,,,,,,
RU,EWR,213,08-01-04,IAD,4,ontime,,,,,,
RU,EWR,213,08-01-04,IAD,4,ontime,,,,,,
RU,EWR,213,08-01-04,IAD,4,ontime,,,,,,
RU,EWR,199,08-01-04,DCA,4,ontime,,,,,,
RU,EWR,199,08-01-04,DCA,4,delayed,,,,,,
RU,EWR,199,08-01-04,DCA,4,ontime,,,,,,
RU,EWR,213,08-01-04,IAD,4,ontime,,,,,,
RU,EWR,213,08-01-04,IAD,4,ontime,,,,,,
RU,EWR,199,08-01-04,DCA,4,ontime,,,,,,
RU,EWR,199,08-01-04,DCA,4,ontime,,,,,,
RU,EWR,199,08-01-04,DCA,4,ontime,,,,,,
OH,JFK,184,09-01-04,BWI,5,ontime,,,,,,
DH,JFK,213,09-01-04,DCA,5,ontime,,,,,,
DH,LGA,229,09-01-04,IAD,5,ontime,,,,,,
DH,LGA,229,09-01-04,IAD,5,delayed,,,,,,
DH,LGA,229,09-01-04,IAD,5,delayed,,,,,,
DH,LGA,229,09-01-04,IAD,5,ontime,,,,,,
DH,LGA,229,09-01-04,IAD,5,delayed,,,,,,
DH,LGA,229,09-01-04,IAD,5,ontime,,,,,,
DH,JFK,228,09-01-04,IAD,5,delayed,,,,,,
DH,JFK,228,09-01-04,IAD,5,ontime,,,,,,
DH,JFK,228,09-01-04,IAD,5,ontime,,,,,,
DH,JFK,228,09-01-04,IAD,5,ontime,,,,,,
DH,JFK,228,09-01-04,IAD,5,ontime,,,,,,
DH,JFK,228,09-01-04,IAD,5,ontime,,,,,,
DH,JFK,228,09-01-04,IAD,5,ontime,,,,,,
DL,JFK,213,09-01-04,DCA,5,ontime,,,,,,
DL,LGA,214,09-01-04,DCA,5,ontime,,,,,,
DL,LGA,214,09-01-04,DCA,5,delayed,,,,,,
DL,LGA,214,09-01-04,DCA,5,ontime,,,,,,
DL,LGA,214,09-01-04,DCA,5,ontime,,,,,,
DL,LGA,214,09-01-04,DCA,5,ontime,,,,,,
DL,LGA,214,09-01-04,DCA,5,ontime,,,,,,
DL,LGA,214,09-01-04,DCA,5,ontime,,,,,,
DL,LGA,214,09-01-04,DCA,5,ontime,,,,,,
DL,LGA,214,09-01-04,DCA,5,ontime,,,,,,
DL,LGA,214,09-01-04,DCA,5,ontime,,,,,,
DL,LGA,214,09-01-04,DCA,5,ontime,,,,,,
DL,LGA,214,09-01-04,DCA,5,ontime,,,,,,
DL,LGA,214,09-01-04,DCA,5,ontime,,,,,,
DL,LGA,214,09-01-04,DCA,5,ontime,,,,,,
DL,LGA,214,09-01-04,DCA,5,ontime,,,,,,
MQ,JFK,213,09-01-04,DCA,5,ontime,,,,,,
MQ,JFK,213,09-01-04,DCA,5,ontime,,,,,,
MQ,JFK,213,09-01-04,DCA,5,delayed,,,,,,
MQ,LGA,214,09-01-04,DCA,5,delayed,,,,,,
MQ,LGA,214,09-01-04,DCA,5,ontime,,,,,,
MQ,LGA,214,09-01-04,DCA,5,delayed,,,,,,
MQ,LGA,214,09-01-04,DCA,5,ontime,,,,,,
MQ,LGA,214,09-01-04,DCA,5,ontime,,,,,,
MQ,LGA,214,09-01-04,DCA,5,ontime,,,,,,
MQ,LGA,214,09-01-04,DCA,5,delayed,,,,,,
MQ,LGA,214,09-01-04,DCA,5,ontime,,,,,,
MQ,LGA,214,09-01-04,DCA,5,delayed,,,,,,
UA,LGA,229,09-01-04,IAD,5,delayed,,,,,,
US,LGA,214,09-01-04,DCA,5,ontime,,,,,,
US,LGA,214,09-01-04,DCA,5,ontime,,,,,,
US,LGA,214,09-01-04,DCA,5,ontime,,,,,,
US,LGA,214,09-01-04,DCA,5,ontime,,,,,,
US,LGA,214,09-01-04,DCA,5,ontime,,,,,,
US,LGA,214,09-01-04,DCA,5,ontime,,,,,,
US,LGA,214,09-01-04,DCA,5,ontime,,,,,,
US,LGA,214,09-01-04,DCA,5,ontime,,,,,,
US,LGA,214,09-01-04,DCA,5,ontime,,,,,,
US,LGA,214,09-01-04,DCA,5,ontime,,,,,,
US,LGA,214,09-01-04,DCA,5,ontime,,,,,,
US,LGA,214,09-01-04,DCA,5,ontime,,,,,,
US,LGA,214,09-01-04,DCA,5,ontime,,,,,,
US,LGA,214,09-01-04,DCA,5,ontime,,,,,,
US,LGA,214,09-01-04,DCA,5,ontime,,,,,,
RU,EWR,169,09-01-04,BWI,5,ontime,,,,,,
RU,EWR,169,09-01-04,BWI,5,ontime,,,,,,
RU,EWR,169,09-01-04,BWI,5,delayed,,,,,,
RU,EWR,169,09-01-04,BWI,5,ontime,,,,,,
CO,EWR,199,09-01-04,DCA,5,ontime,,,,,,
CO,EWR,199,09-01-04,DCA,5,ontime,,,,,,
CO,EWR,199,09-01-04,DCA,5,ontime,,,,,,
CO,EWR,199,09-01-04,DCA,5,ontime,,,,,,
DH,EWR,213,09-01-04,IAD,5,ontime,,,,,,
DH,EWR,213,09-01-04,IAD,5,ontime,,,,,,
DH,EWR,213,09-01-04,IAD,5,ontime,,,,,,
DH,EWR,213,09-01-04,IAD,5,ontime,,,,,,
DH,EWR,213,09-01-04,IAD,5,ontime,,,,,,
DH,EWR,213,09-01-04,IAD,5,ontime,,,,,,
RU,EWR,199,09-01-04,DCA,5,ontime,,,,,,
RU,EWR,199,09-01-04,DCA,5,ontime,,,,,,
RU,EWR,199,09-01-04,DCA,5,ontime,,,,,,
RU,EWR,213,09-01-04,IAD,5,delayed,,,,,,
RU,EWR,213,09-01-04,IAD,5,ontime,,,,,,
RU,EWR,213,09-01-04,IAD,5,ontime,,,,,,
RU,EWR,213,09-01-04,IAD,5,ontime,,,,,,
RU,EWR,199,09-01-04,DCA,5,ontime,,,,,,
RU,EWR,199,09-01-04,DCA,5,ontime,,,,,,
RU,EWR,213,09-01-04,IAD,5,ontime,,,,,,
RU,EWR,199,09-01-04,DCA,5,ontime,,,,,,
OH,JFK,184,10-01-04,BWI,6,ontime,,,,,,
DH,JFK,213,10-01-04,DCA,6,delayed,,,,,,
DH,LGA,229,10-01-04,IAD,6,ontime,,,,,,
DH,LGA,229,10-01-04,IAD,6,ontime,,,,,,
DH,LGA,229,10-01-04,IAD,6,ontime,,,,,,
DH,JFK,228,10-01-04,IAD,6,delayed,,,,,,
DH,JFK,228,10-01-04,IAD,6,delayed,,,,,,
DH,JFK,228,10-01-04,IAD,6,ontime,,,,,,
DH,JFK,228,10-01-04,IAD,6,ontime,,,,,,
DH,JFK,228,10-01-04,IAD,6,ontime,,,,,,
DH,JFK,228,10-01-04,IAD,6,ontime,,,,,,
DL,JFK,213,10-01-04,DCA,6,delayed,,,,,,
DL,LGA,214,10-01-04,DCA,6,ontime,,,,,,
DL,LGA,214,10-01-04,DCA,6,ontime,,,,,,
DL,LGA,214,10-01-04,DCA,6,ontime,,,,,,
DL,LGA,214,10-01-04,DCA,6,ontime,,,,,,
DL,LGA,214,10-01-04,DCA,6,ontime,,,,,,
DL,LGA,214,10-01-04,DCA,6,ontime,,,,,,
DL,LGA,214,10-01-04,DCA,6,ontime,,,,,,
DL,LGA,214,10-01-04,DCA,6,ontime,,,,,,
MQ,JFK,213,10-01-04,DCA,6,ontime,,,,,,
MQ,JFK,213,10-01-04,DCA,6,delayed,,,,,,
MQ,JFK,213,10-01-04,DCA,6,ontime,,,,,,
MQ,LGA,214,10-01-04,DCA,6,ontime,,,,,,
MQ,LGA,214,10-01-04,DCA,6,ontime,,,,,,
UA,LGA,229,10-01-04,IAD,6,ontime,,,,,,
US,LGA,214,10-01-04,DCA,6,ontime,,,,,,
US,LGA,214,10-01-04,DCA,6,ontime,,,,,,
US,LGA,214,10-01-04,DCA,6,ontime,,,,,,
US,LGA,214,10-01-04,DCA,6,ontime,,,,,,
US,LGA,214,10-01-04,DCA,6,ontime,,,,,,
US,LGA,214,10-01-04,DCA,6,ontime,,,,,,
US,LGA,214,10-01-04,DCA,6,ontime,,,,,,
RU,EWR,169,10-01-04,BWI,6,ontime,,,,,,
RU,EWR,169,10-01-04,BWI,6,ontime,,,,,,
RU,EWR,169,10-01-04,BWI,6,ontime,,,,,,
RU,EWR,169,10-01-04,BWI,6,ontime,,,,,,
CO,EWR,199,10-01-04,DCA,6,ontime,,,,,,
DH,EWR,213,10-01-04,IAD,6,ontime,,,,,,
DH,EWR,213,10-01-04,IAD,6,ontime,,,,,,
DH,EWR,213,10-01-04,IAD,6,ontime,,,,,,
DH,EWR,213,10-01-04,IAD,6,ontime,,,,,,
RU,EWR,213,10-01-04,IAD,6,ontime,,,,,,
RU,EWR,213,10-01-04,IAD,6,ontime,,,,,,
RU,EWR,199,10-01-04,DCA,6,ontime,,,,,,
RU,EWR,213,10-01-04,IAD,6,ontime,,,,,,
RU,EWR,199,10-01-04,DCA,6,ontime,,,,,,
RU,EWR,199,10-01-04,DCA,6,ontime,,,,,,
RU,EWR,199,10-01-04,DCA,6,ontime,,,,,,
RU,EWR,199,10-01-04,DCA,6,ontime,,,,,,
OH,JFK,184,11-01-04,BWI,7,ontime,,,,,,
DH,JFK,213,11-01-04,DCA,7,ontime,,,,,,
DH,LGA,229,11-01-04,IAD,7,ontime,,,,,,
DH,LGA,229,11-01-04,IAD,7,ontime,,,,,,
DH,LGA,229,11-01-04,IAD,7,ontime,,,,,,
DH,LGA,229,11-01-04,IAD,7,ontime,,,,,,
DH,JFK,228,11-01-04,IAD,7,ontime,,,,,,
DH,JFK,228,11-01-04,IAD,7,ontime,,,,,,
DH,JFK,228,11-01-04,IAD,7,delayed,,,,,,
DH,JFK,228,11-01-04,IAD,7,ontime,,,,,,
DH,JFK,228,11-01-04,IAD,7,ontime,,,,,,
DH,JFK,228,11-01-04,IAD,7,delayed,,,,,,
DH,JFK,228,11-01-04,IAD,7,ontime,,,,,,
DL,JFK,213,11-01-04,DCA,7,delayed,,,,,,
DL,LGA,214,11-01-04,DCA,7,ontime,,,,,,
DL,LGA,214,11-01-04,DCA,7,ontime,,,,,,
DL,LGA,214,11-01-04,DCA,7,ontime,,,,,,
DL,LGA,214,11-01-04,DCA,7,ontime,,,,,,
DL,LGA,214,11-01-04,DCA,7,ontime,,,,,,
DL,LGA,214,11-01-04,DCA,7,ontime,,,,,,
DL,LGA,214,11-01-04,DCA,7,ontime,,,,,,
DL,LGA,214,11-01-04,DCA,7,ontime,,,,,,
DL,LGA,214,11-01-04,DCA,7,ontime,,,,,,
DL,LGA,214,11-01-04,DCA,7,ontime,,,,,,
DL,LGA,214,11-01-04,DCA,7,ontime,,,,,,
DL,LGA,214,11-01-04,DCA,7,ontime,,,,,,
MQ,JFK,213,11-01-04,DCA,7,ontime,,,,,,
MQ,JFK,213,11-01-04,DCA,7,ontime,,,,,,
MQ,JFK,213,11-01-04,DCA,7,ontime,,,,,,
MQ,JFK,213,11-01-04,DCA,7,delayed,,,,,,
MQ,LGA,214,11-01-04,DCA,7,delayed,,,,,,
MQ,LGA,214,11-01-04,DCA,7,ontime,,,,,,
MQ,LGA,214,11-01-04,DCA,7,ontime,,,,,,
MQ,LGA,214,11-01-04,DCA,7,ontime,,,,,,
UA,LGA,229,11-01-04,IAD,7,ontime,,,,,,
US,LGA,214,11-01-04,DCA,7,ontime,,,,,,
US,LGA,214,11-01-04,DCA,7,ontime,,,,,,
US,LGA,214,11-01-04,DCA,7,ontime,,,,,,
US,LGA,214,11-01-04,DCA,7,ontime,,,,,,
US,LGA,214,11-01-04,DCA,7,ontime,,,,,,
US,LGA,214,11-01-04,DCA,7,ontime,,,,,,
US,LGA,214,11-01-04,DCA,7,ontime,,,,,,
US,LGA,214,11-01-04,DCA,7,ontime,,,,,,
US,LGA,214,11-01-04,DCA,7,ontime,,,,,,
US,LGA,214,11-01-04,DCA,7,ontime,,,,,,
US,LGA,214,11-01-04,DCA,7,ontime,,,,,,
US,LGA,214,11-01-04,DCA,7,ontime,,,,,,
US,LGA,214,11-01-04,DCA,7,ontime,,,,,,
RU,EWR,169,11-01-04,BWI,7,ontime,,,,,,
RU,EWR,169,11-01-04,BWI,7,ontime,,,,,,
RU,EWR,169,11-01-04,BWI,7,ontime,,,,,,
RU,EWR,169,11-01-04,BWI,7,ontime,,,,,,
CO,EWR,199,11-01-04,DCA,7,ontime,,,,,,
CO,EWR,199,11-01-04,DCA,7,ontime,,,,,,
CO,EWR,199,11-01-04,DCA,7,ontime,,,,,,
DH,EWR,213,11-01-04,IAD,7,ontime,,,,,,
DH,EWR,213,11-01-04,IAD,7,ontime,,,,,,
DH,EWR,213,11-01-04,IAD,7,ontime,,,,,,
DH,EWR,213,11-01-04,IAD,7,ontime,,,,,,
DH,EWR,213,11-01-04,IAD,7,delayed,,,,,,
RU,EWR,199,11-01-04,DCA,7,ontime,,,,,,
RU,EWR,213,11-01-04,IAD,7,ontime,,,,,,
RU,EWR,213,11-01-04,IAD,7,ontime,,,,,,
RU,EWR,199,11-01-04,DCA,7,ontime,,,,,,
RU,EWR,199,11-01-04,DCA,7,ontime,,,,,,
RU,EWR,199,11-01-04,DCA,7,ontime,,,,,,
RU,EWR,213,11-01-04,IAD,7,ontime,,,,,,
RU,EWR,213,11-01-04,IAD,7,ontime,,,,,,
OH,JFK,184,12-01-04,BWI,1,ontime,,,,,,
DH,JFK,213,12-01-04,DCA,1,ontime,,,,,,
DH,LGA,229,12-01-04,IAD,1,ontime,,,,,,
DH,LGA,229,12-01-04,IAD,1,ontime,,,,,,
DH,LGA,229,12-01-04,IAD,1,ontime,,,,,,
DH,LGA,229,12-01-04,IAD,1,ontime,,,,,,
DH,LGA,229,12-01-04,IAD,1,delayed,,,,,,
DH,LGA,229,12-01-04,IAD,1,ontime,,,,,,
DH,JFK,228,12-01-04,IAD,1,ontime,,,,,,
DH,JFK,228,12-01-04,IAD,1,ontime,,,,,,
DH,JFK,228,12-01-04,IAD,1,delayed,,,,,,
DH,JFK,228,12-01-04,IAD,1,ontime,,,,,,
DH,JFK,228,12-01-04,IAD,1,ontime,,,,,,
DH,JFK,228,12-01-04,IAD,1,ontime,,,,,,
DL,JFK,213,12-01-04,DCA,1,ontime,,,,,,
DL,LGA,214,12-01-04,DCA,1,ontime,,,,,,
DL,LGA,214,12-01-04,DCA,1,ontime,,,,,,
DL,LGA,214,12-01-04,DCA,1,ontime,,,,,,
DL,LGA,214,12-01-04,DCA,1,delayed,,,,,,
DL,LGA,214,12-01-04,DCA,1,ontime,,,,,,
DL,LGA,214,12-01-04,DCA,1,ontime,,,,,,
DL,LGA,214,12-01-04,DCA,1,ontime,,,,,,
DL,LGA,214,12-01-04,DCA,1,ontime,,,,,,
DL,LGA,214,12-01-04,DCA,1,ontime,,,,,,
DL,LGA,214,12-01-04,DCA,1,ontime,,,,,,
DL,LGA,214,12-01-04,DCA,1,ontime,,,,,,
DL,LGA,214,12-01-04,DCA,1,ontime,,,,,,
DL,LGA,214,12-01-04,DCA,1,ontime,,,,,,
DL,LGA,214,12-01-04,DCA,1,ontime,,,,,,
DL,LGA,214,12-01-04,DCA,1,ontime,,,,,,
MQ,JFK,213,12-01-04,DCA,1,ontime,,,,,,
MQ,JFK,213,12-01-04,DCA,1,ontime,,,,,,
MQ,JFK,213,12-01-04,DCA,1,ontime,,,,,,
MQ,LGA,214,12-01-04,DCA,1,delayed,,,,,,
MQ,LGA,214,12-01-04,DCA,1,ontime,,,,,,
MQ,LGA,214,12-01-04,DCA,1,ontime,,,,,,
MQ,LGA,214,12-01-04,DCA,1,ontime,,,,,,
MQ,LGA,214,12-01-04,DCA,1,ontime,,,,,,
MQ,LGA,214,12-01-04,DCA,1,ontime,,,,,,
MQ,LGA,214,12-01-04,DCA,1,ontime,,,,,,
MQ,LGA,214,12-01-04,DCA,1,ontime,,,,,,
MQ,LGA,214,12-01-04,DCA,1,ontime,,,,,,
UA,LGA,229,12-01-04,IAD,1,ontime,,,,,,
US,LGA,214,12-01-04,DCA,1,ontime,,,,,,
US,LGA,214,12-01-04,DCA,1,delayed,,,,,,
US,LGA,214,12-01-04,DCA,1,ontime,,,,,,
US,LGA,214,12-01-04,DCA,1,ontime,,,,,,
US,LGA,214,12-01-04,DCA,1,ontime,,,,,,
US,LGA,214,12-01-04,DCA,1,delayed,,,,,,
US,LGA,214,12-01-04,DCA,1,ontime,,,,,,
US,LGA,214,12-01-04,DCA,1,ontime,,,,,,
US,LGA,214,12-01-04,DCA,1,ontime,,,,,,
US,LGA,214,12-01-04,DCA,1,ontime,,,,,,
US,LGA,214,12-01-04,DCA,1,ontime,,,,,,
US,LGA,214,12-01-04,DCA,1,delayed,,,,,,
US,LGA,214,12-01-04,DCA,1,ontime,,,,,,
US,LGA,214,12-01-04,DCA,1,ontime,,,,,,
US,LGA,214,12-01-04,DCA,1,ontime,,,,,,
US,LGA,214,12-01-04,DCA,1,ontime,,,,,,
RU,EWR,169,12-01-04,BWI,1,ontime,,,,,,
RU,EWR,169,12-01-04,BWI,1,delayed,,,,,,
RU,EWR,169,12-01-04,BWI,1,ontime,,,,,,
RU,EWR,169,12-01-04,BWI,1,ontime,,,,,,
CO,EWR,199,12-01-04,DCA,1,ontime,,,,,,
CO,EWR,199,12-01-04,DCA,1,ontime,,,,,,
CO,EWR,199,12-01-04,DCA,1,delayed,,,,,,
CO,EWR,199,12-01-04,DCA,1,ontime,,,,,,
DH,EWR,213,12-01-04,IAD,1,ontime,,,,,,
DH,EWR,213,12-01-04,IAD,1,ontime,,,,,,
DH,EWR,213,12-01-04,IAD,1,delayed,,,,,,
DH,EWR,213,12-01-04,IAD,1,ontime,,,,,,
DH,EWR,213,12-01-04,IAD,1,ontime,,,,,,
DH,EWR,213,12-01-04,IAD,1,ontime,,,,,,
RU,EWR,199,12-01-04,DCA,1,ontime,,,,,,
RU,EWR,199,12-01-04,DCA,1,ontime,,,,,,
RU,EWR,199,12-01-04,DCA,1,ontime,,,,,,
RU,EWR,213,12-01-04,IAD,1,ontime,,,,,,
RU,EWR,213,12-01-04,IAD,1,ontime,,,,,,
RU,EWR,199,12-01-04,DCA,1,ontime,,,,,,
RU,EWR,213,12-01-04,IAD,1,ontime,,,,,,
RU,EWR,199,12-01-04,DCA,1,ontime,,,,,,
RU,EWR,199,12-01-04,DCA,1,ontime,,,,,,
RU,EWR,213,12-01-04,IAD,1,ontime,,,,,,
RU,EWR,213,12-01-04,IAD,1,ontime,,,,,,
OH,JFK,184,13-01-04,BWI,2,ontime,,,,,,
DH,JFK,213,13-01-04,DCA,2,ontime,,,,,,
DH,LGA,229,13-01-04,IAD,2,ontime,,,,,,
DH,LGA,229,13-01-04,IAD,2,delayed,,,,,,
DH,LGA,229,13-01-04,IAD,2,ontime,,,,,,
DH,LGA,229,13-01-04,IAD,2,delayed,,,,,,
DH,LGA,229,13-01-04,IAD,2,ontime,,,,,,
DH,JFK,228,13-01-04,IAD,2,ontime,,,,,,
DH,JFK,228,13-01-04,IAD,2,ontime,,,,,,
DH,JFK,228,13-01-04,IAD,2,ontime,,,,,,
DH,JFK,228,13-01-04,IAD,2,ontime,,,,,,
DH,JFK,228,13-01-04,IAD,2,ontime,,,,,,
DH,JFK,228,13-01-04,IAD,2,ontime,,,,,,
DH,JFK,228,13-01-04,IAD,2,delayed,,,,,,
DL,JFK,213,13-01-04,DCA,2,ontime,,,,,,
DL,LGA,214,13-01-04,DCA,2,ontime,,,,,,
DL,LGA,214,13-01-04,DCA,2,ontime,,,,,,
DL,LGA,214,13-01-04,DCA,2,ontime,,,,,,
DL,LGA,214,13-01-04,DCA,2,ontime,,,,,,
DL,LGA,214,13-01-04,DCA,2,ontime,,,,,,
DL,LGA,214,13-01-04,DCA,2,ontime,,,,,,
DL,LGA,214,13-01-04,DCA,2,ontime,,,,,,
DL,LGA,214,13-01-04,DCA,2,ontime,,,,,,
DL,LGA,214,13-01-04,DCA,2,ontime,,,,,,
DL,LGA,214,13-01-04,DCA,2,ontime,,,,,,
DL,LGA,214,13-01-04,DCA,2,delayed,,,,,,
DL,LGA,214,13-01-04,DCA,2,ontime,,,,,,
DL,LGA,214,13-01-04,DCA,2,ontime,,,,,,
DL,LGA,214,13-01-04,DCA,2,ontime,,,,,,
DL,LGA,214,13-01-04,DCA,2,delayed,,,,,,
MQ,JFK,213,13-01-04,DCA,2,ontime,,,,,,
MQ,JFK,213,13-01-04,DCA,2,ontime,,,,,,
MQ,JFK,213,13-01-04,DCA,2,delayed,,,,,,
MQ,LGA,214,13-01-04,DCA,2,ontime,,,,,,
MQ,LGA,214,13-01-04,DCA,2,ontime,,,,,,
MQ,LGA,214,13-01-04,DCA,2,ontime,,,,,,
MQ,LGA,214,13-01-04,DCA,2,ontime,,,,,,
MQ,LGA,214,13-01-04,DCA,2,ontime,,,,,,
MQ,LGA,214,13-01-04,DCA,2,ontime,,,,,,
MQ,LGA,214,13-01-04,DCA,2,ontime,,,,,,
MQ,LGA,214,13-01-04,DCA,2,delayed,,,,,,
MQ,LGA,214,13-01-04,DCA,2,delayed,,,,,,
MQ,LGA,214,13-01-04,DCA,2,delayed,,,,,,
UA,LGA,229,13-01-04,IAD,2,ontime,,,,,,
US,LGA,214,13-01-04,DCA,2,ontime,,,,,,
US,LGA,214,13-01-04,DCA,2,ontime,,,,,,
US,LGA,214,13-01-04,DCA,2,ontime,,,,,,
US,LGA,214,13-01-04,DCA,2,ontime,,,,,,
US,LGA,214,13-01-04,DCA,2,ontime,,,,,,
US,LGA,214,13-01-04,DCA,2,ontime,,,,,,
US,LGA,214,13-01-04,DCA,2,ontime,,,,,,
US,LGA,214,13-01-04,DCA,2,ontime,,,,,,
US,LGA,214,13-01-04,DCA,2,ontime,,,,,,
US,LGA,214,13-01-04,DCA,2,ontime,,,,,,
US,LGA,214,13-01-04,DCA,2,delayed,,,,,,
US,LGA,214,13-01-04,DCA,2,ontime,,,,,,
US,LGA,214,13-01-04,DCA,2,ontime,,,,,,
US,LGA,214,13-01-04,DCA,2,ontime,,,,,,
US,LGA,214,13-01-04,DCA,2,ontime,,,,,,
US,LGA,214,13-01-04,DCA,2,ontime,,,,,,
RU,EWR,169,13-01-04,BWI,2,ontime,,,,,,
RU,EWR,169,13-01-04,BWI,2,delayed,,,,,,
RU,EWR,169,13-01-04,BWI,2,ontime,,,,,,
RU,EWR,169,13-01-04,BWI,2,delayed,,,,,,
CO,EWR,199,13-01-04,DCA,2,ontime,,,,,,
CO,EWR,199,13-01-04,DCA,2,delayed,,,,,,
CO,EWR,199,13-01-04,DCA,2,delayed,,,,,,
CO,EWR,199,13-01-04,DCA,2,ontime,,,,,,
DH,EWR,213,13-01-04,IAD,2,ontime,,,,,,
DH,EWR,213,13-01-04,IAD,2,ontime,,,,,,
DH,EWR,213,13-01-04,IAD,2,ontime,,,,,,
DH,EWR,213,13-01-04,IAD,2,ontime,,,,,,
DH,EWR,213,13-01-04,IAD,2,ontime,,,,,,
DH,EWR,213,13-01-04,IAD,2,delayed,,,,,,
RU,EWR,213,13-01-04,IAD,2,ontime,,,,,,
RU,EWR,213,13-01-04,IAD,2,ontime,,,,,,
RU,EWR,213,13-01-04,IAD,2,ontime,,,,,,
RU,EWR,213,13-01-04,IAD,2,ontime,,,,,,
RU,EWR,199,13-01-04,DCA,2,ontime,,,,,,
RU,EWR,213,13-01-04,IAD,2,delayed,,,,,,
RU,EWR,199,13-01-04,DCA,2,ontime,,,,,,
RU,EWR,199,13-01-04,DCA,2,ontime,,,,,,
RU,EWR,199,13-01-04,DCA,2,ontime,,,,,,
RU,EWR,199,13-01-04,DCA,2,ontime,,,,,,
RU,EWR,199,13-01-04,DCA,2,ontime,,,,,,
OH,JFK,184,14-01-04,BWI,3,ontime,,,,,,
DH,JFK,213,14-01-04,DCA,3,ontime,,,,,,
DH,LGA,229,14-01-04,IAD,3,ontime,,,,,,
DH,LGA,229,14-01-04,IAD,3,ontime,,,,,,
DH,LGA,229,14-01-04,IAD,3,ontime,,,,,,
DH,LGA,229,14-01-04,IAD,3,ontime,,,,,,
DH,LGA,229,14-01-04,IAD,3,ontime,,,,,,
DH,JFK,228,14-01-04,IAD,3,ontime,,,,,,
DH,JFK,228,14-01-04,IAD,3,ontime,,,,,,
DH,JFK,228,14-01-04,IAD,3,ontime,,,,,,
DH,JFK,228,14-01-04,IAD,3,ontime,,,,,,
DH,JFK,228,14-01-04,IAD,3,ontime,,,,,,
DH,JFK,228,14-01-04,IAD,3,ontime,,,,,,
DH,JFK,228,14-01-04,IAD,3,ontime,,,,,,
DL,JFK,213,14-01-04,DCA,3,ontime,,,,,,
DL,LGA,214,14-01-04,DCA,3,ontime,,,,,,
DL,LGA,214,14-01-04,DCA,3,ontime,,,,,,
DL,LGA,214,14-01-04,DCA,3,ontime,,,,,,
DL,LGA,214,14-01-04,DCA,3,ontime,,,,,,
DL,LGA,214,14-01-04,DCA,3,ontime,,,,,,
DL,LGA,214,14-01-04,DCA,3,delayed,,,,,,
DL,LGA,214,14-01-04,DCA,3,ontime,,,,,,
DL,LGA,214,14-01-04,DCA,3,ontime,,,,,,
DL,LGA,214,14-01-04,DCA,3,ontime,,,,,,
DL,LGA,214,14-01-04,DCA,3,delayed,,,,,,
DL,LGA,214,14-01-04,DCA,3,ontime,,,,,,
DL,LGA,214,14-01-04,DCA,3,ontime,,,,,,
DL,LGA,214,14-01-04,DCA,3,ontime,,,,,,
DL,LGA,214,14-01-04,DCA,3,delayed,,,,,,
DL,LGA,214,14-01-04,DCA,3,delayed,,,,,,
MQ,JFK,213,14-01-04,DCA,3,ontime,,,,,,
MQ,JFK,213,14-01-04,DCA,3,ontime,,,,,,
MQ,JFK,213,14-01-04,DCA,3,ontime,,,,,,
MQ,LGA,214,14-01-04,DCA,3,delayed,,,,,,
MQ,LGA,214,14-01-04,DCA,3,ontime,,,,,,
MQ,LGA,214,14-01-04,DCA,3,ontime,,,,,,
MQ,LGA,214,14-01-04,DCA,3,delayed,,,,,,
MQ,LGA,214,14-01-04,DCA,3,ontime,,,,,,
MQ,LGA,214,14-01-04,DCA,3,ontime,,,,,,
MQ,LGA,214,14-01-04,DCA,3,ontime,,,,,,
MQ,LGA,214,14-01-04,DCA,3,ontime,,,,,,
MQ,LGA,214,14-01-04,DCA,3,ontime,,,,,,
UA,LGA,229,14-01-04,IAD,3,ontime,,,,,,
US,LGA,214,14-01-04,DCA,3,ontime,,,,,,
US,LGA,214,14-01-04,DCA,3,ontime,,,,,,
US,LGA,214,14-01-04,DCA,3,ontime,,,,,,
US,LGA,214,14-01-04,DCA,3,ontime,,,,,,
US,LGA,214,14-01-04,DCA,3,ontime,,,,,,
US,LGA,214,14-01-04,DCA,3,ontime,,,,,,
US,LGA,214,14-01-04,DCA,3,ontime,,,,,,
US,LGA,214,14-01-04,DCA,3,ontime,,,,,,
US,LGA,214,14-01-04,DCA,3,ontime,,,,,,
US,LGA,214,14-01-04,DCA,3,ontime,,,,,,
US,LGA,214,14-01-04,DCA,3,ontime,,,,,,
US,LGA,214,14-01-04,DCA,3,ontime,,,,,,
US,LGA,214,14-01-04,DCA,3,ontime,,,,,,
US,LGA,214,14-01-04,DCA,3,ontime,,,,,,
US,LGA,214,14-01-04,DCA,3,delayed,,,,,,
US,LGA,214,14-01-04,DCA,3,ontime,,,,,,
RU,EWR,169,14-01-04,BWI,3,ontime,,,,,,
RU,EWR,169,14-01-04,BWI,3,ontime,,,,,,
RU,EWR,169,14-01-04,BWI,3,ontime,,,,,,
RU,EWR,169,14-01-04,BWI,3,ontime,,,,,,
CO,EWR,199,14-01-04,DCA,3,ontime,,,,,,
CO,EWR,199,14-01-04,DCA,3,ontime,,,,,,
CO,EWR,199,14-01-04,DCA,3,ontime,,,,,,
CO,EWR,199,14-01-04,DCA,3,delayed,,,,,,
DH,EWR,213,14-01-04,IAD,3,ontime,,,,,,
DH,EWR,213,14-01-04,IAD,3,ontime,,,,,,
DH,EWR,213,14-01-04,IAD,3,ontime,,,,,,
DH,EWR,213,14-01-04,IAD,3,delayed,,,,,,
DH,EWR,213,14-01-04,IAD,3,ontime,,,,,,
DH,EWR,213,14-01-04,IAD,3,delayed,,,,,,
RU,EWR,213,14-01-04,IAD,3,ontime,,,,,,
RU,EWR,213,14-01-04,IAD,3,ontime,,,,,,
RU,EWR,199,14-01-04,DCA,3,ontime,,,,,,
RU,EWR,199,14-01-04,DCA,3,ontime,,,,,,
RU,EWR,199,14-01-04,DCA,3,ontime,,,,,,
RU,EWR,213,14-01-04,IAD,3,ontime,,,,,,
RU,EWR,199,14-01-04,DCA,3,ontime,,,,,,
RU,EWR,213,14-01-04,IAD,3,ontime,,,,,,
RU,EWR,213,14-01-04,IAD,3,ontime,,,,,,
RU,EWR,199,14-01-04,DCA,3,ontime,,,,,,
RU,EWR,199,14-01-04,DCA,3,ontime,,,,,,
OH,JFK,184,15-01-04,BWI,4,ontime,,,,,,
DH,JFK,213,15-01-04,DCA,4,ontime,,,,,,
DH,LGA,229,15-01-04,IAD,4,ontime,,,,,,
DH,LGA,229,15-01-04,IAD,4,delayed,,,,,,
DH,LGA,229,15-01-04,IAD,4,delayed,,,,,,
DH,JFK,228,15-01-04,IAD,4,ontime,,,,,,
DH,JFK,228,15-01-04,IAD,4,ontime,,,,,,
DH,JFK,228,15-01-04,IAD,4,ontime,,,,,,
DH,JFK,228,15-01-04,IAD,4,ontime,,,,,,
DH,JFK,228,15-01-04,IAD,4,ontime,,,,,,
DH,JFK,228,15-01-04,IAD,4,ontime,,,,,,
DH,JFK,228,15-01-04,IAD,4,ontime,,,,,,
DL,JFK,213,15-01-04,DCA,4,ontime,,,,,,
DL,LGA,214,15-01-04,DCA,4,ontime,,,,,,
DL,LGA,214,15-01-04,DCA,4,delayed,,,,,,
DL,LGA,214,15-01-04,DCA,4,ontime,,,,,,
DL,LGA,214,15-01-04,DCA,4,ontime,,,,,,
DL,LGA,214,15-01-04,DCA,4,ontime,,,,,,
DL,LGA,214,15-01-04,DCA,4,ontime,,,,,,
DL,LGA,214,15-01-04,DCA,4,ontime,,,,,,
DL,LGA,214,15-01-04,DCA,4,ontime,,,,,,
DL,LGA,214,15-01-04,DCA,4,ontime,,,,,,
DL,LGA,214,15-01-04,DCA,4,ontime,,,,,,
DL,LGA,214,15-01-04,DCA,4,delayed,,,,,,
DL,LGA,214,15-01-04,DCA,4,delayed,,,,,,
MQ,JFK,213,15-01-04,DCA,4,ontime,,,,,,
MQ,JFK,213,15-01-04,DCA,4,ontime,,,,,,
MQ,JFK,213,15-01-04,DCA,4,ontime,,,,,,
MQ,LGA,214,15-01-04,DCA,4,delayed,,,,,,
MQ,LGA,214,15-01-04,DCA,4,ontime,,,,,,
MQ,LGA,214,15-01-04,DCA,4,delayed,,,,,,
MQ,LGA,214,15-01-04,DCA,4,ontime,,,,,,
MQ,LGA,214,15-01-04,DCA,4,ontime,,,,,,
MQ,LGA,214,15-01-04,DCA,4,delayed,,,,,,
MQ,LGA,214,15-01-04,DCA,4,delayed,,,,,,
MQ,LGA,214,15-01-04,DCA,4,delayed,,,,,,
UA,LGA,229,15-01-04,IAD,4,delayed,,,,,,
US,LGA,214,15-01-04,DCA,4,delayed,,,,,,
US,LGA,214,15-01-04,DCA,4,ontime,,,,,,
US,LGA,214,15-01-04,DCA,4,delayed,,,,,,
US,LGA,214,15-01-04,DCA,4,ontime,,,,,,
US,LGA,214,15-01-04,DCA,4,ontime,,,,,,
US,LGA,214,15-01-04,DCA,4,ontime,,,,,,
US,LGA,214,15-01-04,DCA,4,ontime,,,,,,
US,LGA,214,15-01-04,DCA,4,ontime,,,,,,
US,LGA,214,15-01-04,DCA,4,ontime,,,,,,
US,LGA,214,15-01-04,DCA,4,ontime,,,,,,
US,LGA,214,15-01-04,DCA,4,delayed,,,,,,
US,LGA,214,15-01-04,DCA,4,delayed,,,,,,
RU,EWR,169,15-01-04,BWI,4,ontime,,,,,,
RU,EWR,169,15-01-04,BWI,4,delayed,,,,,,
RU,EWR,169,15-01-04,BWI,4,delayed,,,,,,
CO,EWR,199,15-01-04,DCA,4,delayed,,,,,,
CO,EWR,199,15-01-04,DCA,4,delayed,,,,,,
CO,EWR,199,15-01-04,DCA,4,ontime,,,,,,
DH,EWR,213,15-01-04,IAD,4,ontime,,,,,,
DH,EWR,213,15-01-04,IAD,4,ontime,,,,,,
DH,EWR,213,15-01-04,IAD,4,ontime,,,,,,
DH,EWR,213,15-01-04,IAD,4,ontime,,,,,,
RU,EWR,199,15-01-04,DCA,4,ontime,,,,,,
RU,EWR,213,15-01-04,IAD,4,delayed,,,,,,
RU,EWR,213,15-01-04,IAD,4,delayed,,,,,,
RU,EWR,213,15-01-04,IAD,4,delayed,,,,,,
RU,EWR,199,15-01-04,DCA,4,ontime,,,,,,
RU,EWR,199,15-01-04,DCA,4,ontime,,,,,,
RU,EWR,213,15-01-04,IAD,4,ontime,,,,,,
RU,EWR,199,15-01-04,DCA,4,delayed,,,,,,
RU,EWR,199,15-01-04,DCA,4,delayed,,,,,,
RU,EWR,199,15-01-04,DCA,4,ontime,,,,,,
OH,JFK,184,16-01-04,BWI,5,ontime,,,,,,
DH,JFK,213,16-01-04,DCA,5,ontime,,,,,,
DH,LGA,229,16-01-04,IAD,5,delayed,,,,,,
DH,LGA,229,16-01-04,IAD,5,delayed,,,,,,
DH,LGA,229,16-01-04,IAD,5,ontime,,,,,,
DH,LGA,229,16-01-04,IAD,5,ontime,,,,,,
DH,JFK,228,16-01-04,IAD,5,ontime,,,,,,
DH,JFK,228,16-01-04,IAD,5,ontime,,,,,,
DH,JFK,228,16-01-04,IAD,5,ontime,,,,,,
DH,JFK,228,16-01-04,IAD,5,ontime,,,,,,
DH,JFK,228,16-01-04,IAD,5,ontime,,,,,,
DH,JFK,228,16-01-04,IAD,5,ontime,,,,,,
DH,JFK,228,16-01-04,IAD,5,ontime,,,,,,
DL,JFK,213,16-01-04,DCA,5,delayed,,,,,,
DL,LGA,214,16-01-04,DCA,5,ontime,,,,,,
DL,LGA,214,16-01-04,DCA,5,ontime,,,,,,
DL,LGA,214,16-01-04,DCA,5,delayed,,,,,,
DL,LGA,214,16-01-04,DCA,5,ontime,,,,,,
DL,LGA,214,16-01-04,DCA,5,delayed,,,,,,
DL,LGA,214,16-01-04,DCA,5,ontime,,,,,,
DL,LGA,214,16-01-04,DCA,5,ontime,,,,,,
DL,LGA,214,16-01-04,DCA,5,ontime,,,,,,
DL,LGA,214,16-01-04,DCA,5,ontime,,,,,,
DL,LGA,214,16-01-04,DCA,5,ontime,,,,,,
DL,LGA,214,16-01-04,DCA,5,ontime,,,,,,
DL,LGA,214,16-01-04,DCA,5,ontime,,,,,,
DL,LGA,214,16-01-04,DCA,5,ontime,,,,,,
DL,LGA,214,16-01-04,DCA,5,ontime,,,,,,
DL,LGA,214,16-01-04,DCA,5,ontime,,,,,,
MQ,JFK,213,16-01-04,DCA,5,ontime,,,,,,
MQ,JFK,213,16-01-04,DCA,5,ontime,,,,,,
MQ,JFK,213,16-01-04,DCA,5,delayed,,,,,,
MQ,LGA,214,16-01-04,DCA,5,delayed,,,,,,
MQ,LGA,214,16-01-04,DCA,5,delayed,,,,,,
MQ,LGA,214,16-01-04,DCA,5,delayed,,,,,,
MQ,LGA,214,16-01-04,DCA,5,delayed,,,,,,
MQ,LGA,214,16-01-04,DCA,5,delayed,,,,,,
MQ,LGA,214,16-01-04,DCA,5,delayed,,,,,,
MQ,LGA,214,16-01-04,DCA,5,delayed,,,,,,
MQ,LGA,214,16-01-04,DCA,5,delayed,,,,,,
UA,LGA,229,16-01-04,IAD,5,delayed,,,,,,
US,LGA,214,16-01-04,DCA,5,ontime,,,,,,
US,LGA,214,16-01-04,DCA,5,ontime,,,,,,
US,LGA,214,16-01-04,DCA,5,ontime,,,,,,
US,LGA,214,16-01-04,DCA,5,delayed,,,,,,
US,LGA,214,16-01-04,DCA,5,ontime,,,,,,
US,LGA,214,16-01-04,DCA,5,ontime,,,,,,
US,LGA,214,16-01-04,DCA,5,ontime,,,,,,
US,LGA,214,16-01-04,DCA,5,ontime,,,,,,
US,LGA,214,16-01-04,DCA,5,ontime,,,,,,
US,LGA,214,16-01-04,DCA,5,ontime,,,,,,
US,LGA,214,16-01-04,DCA,5,ontime,,,,,,
US,LGA,214,16-01-04,DCA,5,ontime,,,,,,
US,LGA,214,16-01-04,DCA,5,ontime,,,,,,
US,LGA,214,16-01-04,DCA,5,delayed,,,,,,
US,LGA,214,16-01-04,DCA,5,ontime,,,,,,
US,LGA,214,16-01-04,DCA,5,ontime,,,,,,
RU,EWR,169,16-01-04,BWI,5,delayed,,,,,,
RU,EWR,169,16-01-04,BWI,5,delayed,,,,,,
RU,EWR,169,16-01-04,BWI,5,delayed,,,,,,
RU,EWR,169,16-01-04,BWI,5,ontime,,,,,,
CO,EWR,199,16-01-04,DCA,5,delayed,,,,,,
CO,EWR,199,16-01-04,DCA,5,delayed,,,,,,
CO,EWR,199,16-01-04,DCA,5,ontime,,,,,,
DH,EWR,213,16-01-04,IAD,5,ontime,,,,,,
DH,EWR,213,16-01-04,IAD,5,ontime,,,,,,
DH,EWR,213,16-01-04,IAD,5,ontime,,,,,,
DH,EWR,213,16-01-04,IAD,5,ontime,,,,,,
DH,EWR,213,16-01-04,IAD,5,delayed,,,,,,
RU,EWR,213,16-01-04,IAD,5,delayed,,,,,,
RU,EWR,199,16-01-04,DCA,5,ontime,,,,,,
RU,EWR,199,16-01-04,DCA,5,delayed,,,,,,
RU,EWR,199,16-01-04,DCA,5,delayed,,,,,,
RU,EWR,199,16-01-04,DCA,5,delayed,,,,,,
RU,EWR,213,16-01-04,IAD,5,delayed,,,,,,
RU,EWR,199,16-01-04,DCA,5,ontime,,,,,,
RU,EWR,213,16-01-04,IAD,5,delayed,,,,,,
RU,EWR,213,16-01-04,IAD,5,ontime,,,,,,
RU,EWR,199,16-01-04,DCA,5,ontime,,,,,,
RU,EWR,213,16-01-04,IAD,5,delayed,,,,,,
OH,JFK,184,17-01-04,BWI,6,ontime,,,,,,
DH,JFK,213,17-01-04,DCA,6,ontime,,,,,,
DH,LGA,229,17-01-04,IAD,6,ontime,,,,,,
DH,LGA,229,17-01-04,IAD,6,ontime,,,,,,
DH,LGA,229,17-01-04,IAD,6,delayed,,,,,,
DH,JFK,228,17-01-04,IAD,6,ontime,,,,,,
DH,JFK,228,17-01-04,IAD,6,ontime,,,,,,
DH,JFK,228,17-01-04,IAD,6,ontime,,,,,,
DH,JFK,228,17-01-04,IAD,6,delayed,,,,,,
DH,JFK,228,17-01-04,IAD,6,delayed,,,,,,
DH,JFK,228,17-01-04,IAD,6,delayed,,,,,,
DL,JFK,213,17-01-04,DCA,6,delayed,,,,,,
DL,LGA,214,17-01-04,DCA,6,ontime,,,,,,
DL,LGA,214,17-01-04,DCA,6,ontime,,,,,,
DL,LGA,214,17-01-04,DCA,6,ontime,,,,,,
DL,LGA,214,17-01-04,DCA,6,ontime,,,,,,
DL,LGA,214,17-01-04,DCA,6,delayed,,,,,,
DL,LGA,214,17-01-04,DCA,6,ontime,,,,,,
DL,LGA,214,17-01-04,DCA,6,ontime,,,,,,
MQ,JFK,213,17-01-04,DCA,6,ontime,,,,,,
MQ,JFK,213,17-01-04,DCA,6,ontime,,,,,,
MQ,JFK,213,17-01-04,DCA,6,ontime,,,,,,
MQ,LGA,214,17-01-04,DCA,6,ontime,,,,,,
MQ,LGA,214,17-01-04,DCA,6,ontime,,,,,,
UA,LGA,229,17-01-04,IAD,6,ontime,,,,,,
US,LGA,214,17-01-04,DCA,6,ontime,,,,,,
US,LGA,214,17-01-04,DCA,6,ontime,,,,,,
US,LGA,214,17-01-04,DCA,6,ontime,,,,,,
US,LGA,214,17-01-04,DCA,6,ontime,,,,,,
US,LGA,214,17-01-04,DCA,6,ontime,,,,,,
US,LGA,214,17-01-04,DCA,6,ontime,,,,,,
US,LGA,214,17-01-04,DCA,6,ontime,,,,,,
RU,EWR,169,17-01-04,BWI,6,ontime,,,,,,
RU,EWR,169,17-01-04,BWI,6,ontime,,,,,,
RU,EWR,169,17-01-04,BWI,6,ontime,,,,,,
RU,EWR,169,17-01-04,BWI,6,ontime,,,,,,
CO,EWR,199,17-01-04,DCA,6,ontime,,,,,,
DH,EWR,213,17-01-04,IAD,6,ontime,,,,,,
DH,EWR,213,17-01-04,IAD,6,ontime,,,,,,
DH,EWR,213,17-01-04,IAD,6,ontime,,,,,,
DH,EWR,213,17-01-04,IAD,6,delayed,,,,,,
RU,EWR,213,17-01-04,IAD,6,ontime,,,,,,
RU,EWR,199,17-01-04,DCA,6,ontime,,,,,,
RU,EWR,199,17-01-04,DCA,6,ontime,,,,,,
RU,EWR,199,17-01-04,DCA,6,ontime,,,,,,
RU,EWR,213,17-01-04,IAD,6,ontime,,,,,,
RU,EWR,199,17-01-04,DCA,6,ontime,,,,,,
RU,EWR,213,17-01-04,IAD,6,ontime,,,,,,
RU,EWR,199,17-01-04,DCA,6,ontime,,,,,,
OH,JFK,184,18-01-04,BWI,7,ontime,,,,,,
DH,JFK,213,18-01-04,DCA,7,delayed,,,,,,
DH,LGA,229,18-01-04,IAD,7,ontime,,,,,,
DH,LGA,229,18-01-04,IAD,7,delayed,,,,,,
DH,LGA,229,18-01-04,IAD,7,delayed,,,,,,
DH,LGA,229,18-01-04,IAD,7,ontime,,,,,,
DH,JFK,228,18-01-04,IAD,7,ontime,,,,,,
DH,JFK,228,18-01-04,IAD,7,ontime,,,,,,
DH,JFK,228,18-01-04,IAD,7,delayed,,,,,,
DH,JFK,228,18-01-04,IAD,7,ontime,,,,,,
DH,JFK,228,18-01-04,IAD,7,delayed,,,,,,
DH,JFK,228,18-01-04,IAD,7,ontime,,,,,,
DH,JFK,228,18-01-04,IAD,7,delayed,,,,,,
DL,JFK,213,18-01-04,DCA,7,delayed,,,,,,
DL,LGA,214,18-01-04,DCA,7,ontime,,,,,,
DL,LGA,214,18-01-04,DCA,7,ontime,,,,,,
DL,LGA,214,18-01-04,DCA,7,delayed,,,,,,
DL,LGA,214,18-01-04,DCA,7,ontime,,,,,,
DL,LGA,214,18-01-04,DCA,7,ontime,,,,,,
DL,LGA,214,18-01-04,DCA,7,delayed,,,,,,
DL,LGA,214,18-01-04,DCA,7,ontime,,,,,,
MQ,JFK,213,18-01-04,DCA,7,delayed,,,,,,
MQ,JFK,213,18-01-04,DCA,7,delayed,,,,,,
MQ,JFK,213,18-01-04,DCA,7,ontime,,,,,,
MQ,JFK,213,18-01-04,DCA,7,delayed,,,,,,
MQ,LGA,214,18-01-04,DCA,7,delayed,,,,,,
MQ,LGA,214,18-01-04,DCA,7,delayed,,,,,,
MQ,LGA,214,18-01-04,DCA,7,delayed,,,,,,
MQ,LGA,214,18-01-04,DCA,7,delayed,,,,,,
UA,LGA,229,18-01-04,IAD,7,ontime,,,,,,
US,LGA,214,18-01-04,DCA,7,ontime,,,,,,
US,LGA,214,18-01-04,DCA,7,ontime,,,,,,
US,LGA,214,18-01-04,DCA,7,ontime,,,,,,
US,LGA,214,18-01-04,DCA,7,ontime,,,,,,
US,LGA,214,18-01-04,DCA,7,delayed,,,,,,
US,LGA,214,18-01-04,DCA,7,ontime,,,,,,
US,LGA,214,18-01-04,DCA,7,delayed,,,,,,
US,LGA,214,18-01-04,DCA,7,ontime,,,,,,
US,LGA,214,18-01-04,DCA,7,ontime,,,,,,
US,LGA,214,18-01-04,DCA,7,ontime,,,,,,
US,LGA,214,18-01-04,DCA,7,ontime,,,,,,
RU,EWR,169,18-01-04,BWI,7,delayed,,,,,,
RU,EWR,169,18-01-04,BWI,7,delayed,,,,,,
RU,EWR,169,18-01-04,BWI,7,delayed,,,,,,
CO,EWR,199,18-01-04,DCA,7,ontime,,,,,,
CO,EWR,199,18-01-04,DCA,7,delayed,,,,,,
CO,EWR,199,18-01-04,DCA,7,delayed,,,,,,
DH,EWR,213,18-01-04,IAD,7,ontime,,,,,,
DH,EWR,213,18-01-04,IAD,7,delayed,,,,,,
DH,EWR,213,18-01-04,IAD,7,delayed,,,,,,
DH,EWR,213,18-01-04,IAD,7,ontime,,,,,,
RU,EWR,213,18-01-04,IAD,7,delayed,,,,,,
RU,EWR,199,18-01-04,DCA,7,delayed,,,,,,
RU,EWR,213,18-01-04,IAD,7,ontime,,,,,,
RU,EWR,199,18-01-04,DCA,7,ontime,,,,,,
OH,JFK,184,19-01-04,BWI,1,ontime,,,,,,
DH,JFK,213,19-01-04,DCA,1,ontime,,,,,,
DH,LGA,229,19-01-04,IAD,1,ontime,,,,,,
DH,LGA,229,19-01-04,IAD,1,ontime,,,,,,
DH,LGA,229,19-01-04,IAD,1,ontime,,,,,,
DH,LGA,229,19-01-04,IAD,1,delayed,,,,,,
DH,LGA,229,19-01-04,IAD,1,delayed,,,,,,
DH,LGA,229,19-01-04,IAD,1,ontime,,,,,,
DH,JFK,228,19-01-04,IAD,1,ontime,,,,,,
DH,JFK,228,19-01-04,IAD,1,ontime,,,,,,
DH,JFK,228,19-01-04,IAD,1,ontime,,,,,,
DH,JFK,228,19-01-04,IAD,1,ontime,,,,,,
DH,JFK,228,19-01-04,IAD,1,ontime,,,,,,
DH,JFK,228,19-01-04,IAD,1,ontime,,,,,,
DH,JFK,228,19-01-04,IAD,1,ontime,,,,,,
DL,JFK,213,19-01-04,DCA,1,delayed,,,,,,
DL,LGA,214,19-01-04,DCA,1,ontime,,,,,,
DL,LGA,214,19-01-04,DCA,1,ontime,,,,,,
DL,LGA,214,19-01-04,DCA,1,ontime,,,,,,
DL,LGA,214,19-01-04,DCA,1,ontime,,,,,,
DL,LGA,214,19-01-04,DCA,1,ontime,,,,,,
DL,LGA,214,19-01-04,DCA,1,ontime,,,,,,
DL,LGA,214,19-01-04,DCA,1,ontime,,,,,,
DL,LGA,214,19-01-04,DCA,1,ontime,,,,,,
DL,LGA,214,19-01-04,DCA,1,ontime,,,,,,
DL,LGA,214,19-01-04,DCA,1,ontime,,,,,,
MQ,JFK,213,19-01-04,DCA,1,ontime,,,,,,
MQ,JFK,213,19-01-04,DCA,1,ontime,,,,,,
MQ,JFK,213,19-01-04,DCA,1,delayed,,,,,,
MQ,LGA,214,19-01-04,DCA,1,delayed,,,,,,
MQ,LGA,214,19-01-04,DCA,1,delayed,,,,,,
MQ,LGA,214,19-01-04,DCA,1,ontime,,,,,,
MQ,LGA,214,19-01-04,DCA,1,ontime,,,,,,
MQ,LGA,214,19-01-04,DCA,1,ontime,,,,,,
MQ,LGA,214,19-01-04,DCA,1,ontime,,,,,,
MQ,LGA,214,19-01-04,DCA,1,delayed,,,,,,
MQ,LGA,214,19-01-04,DCA,1,ontime,,,,,,
MQ,LGA,214,19-01-04,DCA,1,ontime,,,,,,
MQ,LGA,214,19-01-04,DCA,1,delayed,,,,,,
UA,LGA,229,19-01-04,IAD,1,ontime,,,,,,
US,LGA,214,19-01-04,DCA,1,ontime,,,,,,
US,LGA,214,19-01-04,DCA,1,ontime,,,,,,
US,LGA,214,19-01-04,DCA,1,ontime,,,,,,
US,LGA,214,19-01-04,DCA,1,ontime,,,,,,
US,LGA,214,19-01-04,DCA,1,ontime,,,,,,
US,LGA,214,19-01-04,DCA,1,ontime,,,,,,
US,LGA,214,19-01-04,DCA,1,ontime,,,,,,
US,LGA,214,19-01-04,DCA,1,ontime,,,,,,
US,LGA,214,19-01-04,DCA,1,ontime,,,,,,
US,LGA,214,19-01-04,DCA,1,ontime,,,,,,
US,LGA,214,19-01-04,DCA,1,ontime,,,,,,
US,LGA,214,19-01-04,DCA,1,ontime,,,,,,
US,LGA,214,19-01-04,DCA,1,ontime,,,,,,
US,LGA,214,19-01-04,DCA,1,ontime,,,,,,
US,LGA,214,19-01-04,DCA,1,ontime,,,,,,
US,LGA,214,19-01-04,DCA,1,ontime,,,,,,
RU,EWR,169,19-01-04,BWI,1,ontime,,,,,,
RU,EWR,169,19-01-04,BWI,1,ontime,,,,,,
RU,EWR,169,19-01-04,BWI,1,ontime,,,,,,
RU,EWR,169,19-01-04,BWI,1,ontime,,,,,,
CO,EWR,199,19-01-04,DCA,1,delayed,,,,,,
CO,EWR,199,19-01-04,DCA,1,ontime,,,,,,
CO,EWR,199,19-01-04,DCA,1,ontime,,,,,,
CO,EWR,199,19-01-04,DCA,1,ontime,,,,,,
DH,EWR,213,19-01-04,IAD,1,ontime,,,,,,
DH,EWR,213,19-01-04,IAD,1,ontime,,,,,,
DH,EWR,213,19-01-04,IAD,1,ontime,,,,,,
DH,EWR,213,19-01-04,IAD,1,delayed,,,,,,
DH,EWR,213,19-01-04,IAD,1,ontime,,,,,,
DH,EWR,213,19-01-04,IAD,1,ontime,,,,,,
RU,EWR,213,19-01-04,IAD,1,delayed,,,,,,
RU,EWR,213,19-01-04,IAD,1,ontime,,,,,,
RU,EWR,199,19-01-04,DCA,1,ontime,,,,,,
RU,EWR,199,19-01-04,DCA,1,ontime,,,,,,
RU,EWR,213,19-01-04,IAD,1,ontime,,,,,,
RU,EWR,213,19-01-04,IAD,1,ontime,,,,,,
RU,EWR,213,19-01-04,IAD,1,ontime,,,,,,
RU,EWR,199,19-01-04,DCA,1,ontime,,,,,,
RU,EWR,199,19-01-04,DCA,1,ontime,,,,,,
RU,EWR,199,19-01-04,DCA,1,ontime,,,,,,
RU,EWR,199,19-01-04,DCA,1,ontime,,,,,,
OH,JFK,184,20-01-04,BWI,2,ontime,,,,,,
DH,JFK,213,20-01-04,DCA,2,ontime,,,,,,
DH,LGA,229,20-01-04,IAD,2,ontime,,,,,,
DH,LGA,229,20-01-04,IAD,2,ontime,,,,,,
DH,LGA,229,20-01-04,IAD,2,ontime,,,,,,
DH,LGA,229,20-01-04,IAD,2,ontime,,,,,,
DH,LGA,229,20-01-04,IAD,2,ontime,,,,,,
DH,LGA,229,20-01-04,IAD,2,ontime,,,,,,
DH,JFK,228,20-01-04,IAD,2,ontime,,,,,,
DH,JFK,228,20-01-04,IAD,2,delayed,,,,,,
DH,JFK,228,20-01-04,IAD,2,ontime,,,,,,
DH,JFK,228,20-01-04,IAD,2,ontime,,,,,,
DH,JFK,228,20-01-04,IAD,2,ontime,,,,,,
DH,JFK,228,20-01-04,IAD,2,ontime,,,,,,
DH,JFK,228,20-01-04,IAD,2,ontime,,,,,,
DL,JFK,213,20-01-04,DCA,2,delayed,,,,,,
DL,LGA,214,20-01-04,DCA,2,ontime,,,,,,
DL,LGA,214,20-01-04,DCA,2,ontime,,,,,,
DL,LGA,214,20-01-04,DCA,2,ontime,,,,,,
DL,LGA,214,20-01-04,DCA,2,ontime,,,,,,
DL,LGA,214,20-01-04,DCA,2,ontime,,,,,,
DL,LGA,214,20-01-04,DCA,2,ontime,,,,,,
DL,LGA,214,20-01-04,DCA,2,ontime,,,,,,
DL,LGA,214,20-01-04,DCA,2,ontime,,,,,,
DL,LGA,214,20-01-04,DCA,2,ontime,,,,,,
DL,LGA,214,20-01-04,DCA,2,ontime,,,,,,
DL,LGA,214,20-01-04,DCA,2,delayed,,,,,,
DL,LGA,214,20-01-04,DCA,2,ontime,,,,,,
DL,LGA,214,20-01-04,DCA,2,ontime,,,,,,
DL,LGA,214,20-01-04,DCA,2,ontime,,,,,,
DL,LGA,214,20-01-04,DCA,2,ontime,,,,,,
MQ,JFK,213,20-01-04,DCA,2,ontime,,,,,,
MQ,JFK,213,20-01-04,DCA,2,ontime,,,,,,
MQ,JFK,213,20-01-04,DCA,2,ontime,,,,,,
MQ,LGA,214,20-01-04,DCA,2,ontime,,,,,,
MQ,LGA,214,20-01-04,DCA,2,ontime,,,,,,
MQ,LGA,214,20-01-04,DCA,2,ontime,,,,,,
MQ,LGA,214,20-01-04,DCA,2,ontime,,,,,,
MQ,LGA,214,20-01-04,DCA,2,ontime,,,,,,
MQ,LGA,214,20-01-04,DCA,2,ontime,,,,,,
MQ,LGA,214,20-01-04,DCA,2,ontime,,,,,,
MQ,LGA,214,20-01-04,DCA,2,ontime,,,,,,
MQ,LGA,214,20-01-04,DCA,2,delayed,,,,,,
UA,LGA,229,20-01-04,IAD,2,ontime,,,,,,
US,LGA,214,20-01-04,DCA,2,ontime,,,,,,
US,LGA,214,20-01-04,DCA,2,ontime,,,,,,
US,LGA,214,20-01-04,DCA,2,ontime,,,,,,
US,LGA,214,20-01-04,DCA,2,ontime,,,,,,
US,LGA,214,20-01-04,DCA,2,ontime,,,,,,
US,LGA,214,20-01-04,DCA,2,ontime,,,,,,
US,LGA,214,20-01-04,DCA,2,ontime,,,,,,
US,LGA,214,20-01-04,DCA,2,ontime,,,,,,
US,LGA,214,20-01-04,DCA,2,ontime,,,,,,
US,LGA,214,20-01-04,DCA,2,ontime,,,,,,
US,LGA,214,20-01-04,DCA,2,ontime,,,,,,
US,LGA,214,20-01-04,DCA,2,ontime,,,,,,
US,LGA,214,20-01-04,DCA,2,ontime,,,,,,
US,LGA,214,20-01-04,DCA,2,ontime,,,,,,
US,LGA,214,20-01-04,DCA,2,ontime,,,,,,
US,LGA,214,20-01-04,DCA,2,ontime,,,,,,
RU,EWR,169,20-01-04,BWI,2,ontime,,,,,,
RU,EWR,169,20-01-04,BWI,2,ontime,,,,,,
RU,EWR,169,20-01-04,BWI,2,delayed,,,,,,
RU,EWR,169,20-01-04,BWI,2,ontime,,,,,,
CO,EWR,199,20-01-04,DCA,2,ontime,,,,,,
CO,EWR,199,20-01-04,DCA,2,ontime,,,,,,
CO,EWR,199,20-01-04,DCA,2,ontime,,,,,,
CO,EWR,199,20-01-04,DCA,2,ontime,,,,,,
DH,EWR,213,20-01-04,IAD,2,ontime,,,,,,
DH,EWR,213,20-01-04,IAD,2,ontime,,,,,,
DH,EWR,213,20-01-04,IAD,2,ontime,,,,,,
DH,EWR,213,20-01-04,IAD,2,ontime,,,,,,
DH,EWR,213,20-01-04,IAD,2,ontime,,,,,,
DH,EWR,213,20-01-04,IAD,2,ontime,,,,,,
RU,EWR,199,20-01-04,DCA,2,ontime,,,,,,
RU,EWR,199,20-01-04,DCA,2,ontime,,,,,,
RU,EWR,199,20-01-04,DCA,2,ontime,,,,,,
RU,EWR,213,20-01-04,IAD,2,ontime,,,,,,
RU,EWR,199,20-01-04,DCA,2,ontime,,,,,,
RU,EWR,213,20-01-04,IAD,2,ontime,,,,,,
RU,EWR,199,20-01-04,DCA,2,ontime,,,,,,
RU,EWR,213,20-01-04,IAD,2,ontime,,,,,,
RU,EWR,199,20-01-04,DCA,2,delayed,,,,,,
RU,EWR,213,20-01-04,IAD,2,ontime,,,,,,
RU,EWR,213,20-01-04,IAD,2,delayed,,,,,,
OH,JFK,184,21-01-04,BWI,3,ontime,,,,,,
DH,LGA,229,21-01-04,IAD,3,ontime,,,,,,
DH,LGA,229,21-01-04,IAD,3,ontime,,,,,,
DH,LGA,229,21-01-04,IAD,3,ontime,,,,,,
DH,LGA,229,21-01-04,IAD,3,delayed,,,,,,
DH,LGA,229,21-01-04,IAD,3,delayed,,,,,,
DH,LGA,229,21-01-04,IAD,3,ontime,,,,,,
DH,JFK,228,21-01-04,IAD,3,ontime,,,,,,
DH,JFK,228,21-01-04,IAD,3,ontime,,,,,,
DH,JFK,228,21-01-04,IAD,3,ontime,,,,,,
DH,JFK,228,21-01-04,IAD,3,ontime,,,,,,
DH,JFK,228,21-01-04,IAD,3,ontime,,,,,,
DH,JFK,228,21-01-04,IAD,3,ontime,,,,,,
DH,JFK,228,21-01-04,IAD,3,ontime,,,,,,
DL,JFK,213,21-01-04,DCA,3,ontime,,,,,,
DL,LGA,214,21-01-04,DCA,3,ontime,,,,,,
DL,LGA,214,21-01-04,DCA,3,ontime,,,,,,
DL,LGA,214,21-01-04,DCA,3,ontime,,,,,,
DL,LGA,214,21-01-04,DCA,3,ontime,,,,,,
DL,LGA,214,21-01-04,DCA,3,ontime,,,,,,
DL,LGA,214,21-01-04,DCA,3,ontime,,,,,,
DL,LGA,214,21-01-04,DCA,3,ontime,,,,,,
DL,LGA,214,21-01-04,DCA,3,ontime,,,,,,
DL,LGA,214,21-01-04,DCA,3,ontime,,,,,,
DL,LGA,214,21-01-04,DCA,3,ontime,,,,,,
DL,LGA,214,21-01-04,DCA,3,delayed,,,,,,
DL,LGA,214,21-01-04,DCA,3,ontime,,,,,,
DL,LGA,214,21-01-04,DCA,3,ontime,,,,,,
DL,LGA,214,21-01-04,DCA,3,ontime,,,,,,
DL,LGA,214,21-01-04,DCA,3,ontime,,,,,,
MQ,JFK,213,21-01-04,DCA,3,ontime,,,,,,
MQ,JFK,213,21-01-04,DCA,3,ontime,,,,,,
MQ,JFK,213,21-01-04,DCA,3,ontime,,,,,,
MQ,LGA,214,21-01-04,DCA,3,ontime,,,,,,
MQ,LGA,214,21-01-04,DCA,3,ontime,,,,,,
MQ,LGA,214,21-01-04,DCA,3,ontime,,,,,,
MQ,LGA,214,21-01-04,DCA,3,ontime,,,,,,
MQ,LGA,214,21-01-04,DCA,3,ontime,,,,,,
MQ,LGA,214,21-01-04,DCA,3,ontime,,,,,,
MQ,LGA,214,21-01-04,DCA,3,ontime,,,,,,
MQ,LGA,214,21-01-04,DCA,3,ontime,,,,,,
MQ,LGA,214,21-01-04,DCA,3,ontime,,,,,,
MQ,LGA,214,21-01-04,DCA,3,ontime,,,,,,
UA,LGA,229,21-01-04,IAD,3,ontime,,,,,,
US,LGA,214,21-01-04,DCA,3,ontime,,,,,,
US,LGA,214,21-01-04,DCA,3,ontime,,,,,,
US,LGA,214,21-01-04,DCA,3,ontime,,,,,,
US,LGA,214,21-01-04,DCA,3,ontime,,,,,,
US,LGA,214,21-01-04,DCA,3,ontime,,,,,,
US,LGA,214,21-01-04,DCA,3,ontime,,,,,,
US,LGA,214,21-01-04,DCA,3,ontime,,,,,,
US,LGA,214,21-01-04,DCA,3,ontime,,,,,,
US,LGA,214,21-01-04,DCA,3,ontime,,,,,,
US,LGA,214,21-01-04,DCA,3,ontime,,,,,,
US,LGA,214,21-01-04,DCA,3,ontime,,,,,,
US,LGA,214,21-01-04,DCA,3,ontime,,,,,,
US,LGA,214,21-01-04,DCA,3,ontime,,,,,,
US,LGA,214,21-01-04,DCA,3,ontime,,,,,,
US,LGA,214,21-01-04,DCA,3,ontime,,,,,,
US,LGA,214,21-01-04,DCA,3,ontime,,,,,,
RU,EWR,169,21-01-04,BWI,3,ontime,,,,,,
RU,EWR,169,21-01-04,BWI,3,ontime,,,,,,
RU,EWR,169,21-01-04,BWI,3,delayed,,,,,,
RU,EWR,169,21-01-04,BWI,3,ontime,,,,,,
CO,EWR,199,21-01-04,DCA,3,delayed,,,,,,
CO,EWR,199,21-01-04,DCA,3,ontime,,,,,,
CO,EWR,199,21-01-04,DCA,3,ontime,,,,,,
CO,EWR,199,21-01-04,DCA,3,ontime,,,,,,
DH,EWR,213,21-01-04,IAD,3,ontime,,,,,,
DH,EWR,213,21-01-04,IAD,3,delayed,,,,,,
DH,EWR,213,21-01-04,IAD,3,ontime,,,,,,
DH,EWR,213,21-01-04,IAD,3,ontime,,,,,,
DH,EWR,213,21-01-04,IAD,3,ontime,,,,,,
DH,EWR,213,21-01-04,IAD,3,ontime,,,,,,
RU,EWR,199,21-01-04,DCA,3,ontime,,,,,,
RU,EWR,213,21-01-04,IAD,3,delayed,,,,,,
RU,EWR,199,21-01-04,DCA,3,ontime,,,,,,
RU,EWR,199,21-01-04,DCA,3,delayed,,,,,,
RU,EWR,213,21-01-04,IAD,3,ontime,,,,,,
RU,EWR,199,21-01-04,DCA,3,delayed,,,,,,
RU,EWR,213,21-01-04,IAD,3,ontime,,,,,,
RU,EWR,199,21-01-04,DCA,3,ontime,,,,,,
RU,EWR,213,21-01-04,IAD,3,ontime,,,,,,
RU,EWR,213,21-01-04,IAD,3,ontime,,,,,,
RU,EWR,199,21-01-04,DCA,3,ontime,,,,,,
OH,JFK,184,22-01-04,BWI,4,delayed,,,,,,
DH,JFK,213,22-01-04,DCA,4,ontime,,,,,,
DH,LGA,229,22-01-04,IAD,4,delayed,,,,,,
DH,LGA,229,22-01-04,IAD,4,delayed,,,,,,
DH,LGA,229,22-01-04,IAD,4,ontime,,,,,,
DH,LGA,229,22-01-04,IAD,4,ontime,,,,,,
DH,LGA,229,22-01-04,IAD,4,ontime,,,,,,
DH,LGA,229,22-01-04,IAD,4,ontime,,,,,,
DH,JFK,228,22-01-04,IAD,4,ontime,,,,,,
DH,JFK,228,22-01-04,IAD,4,ontime,,,,,,
DH,JFK,228,22-01-04,IAD,4,ontime,,,,,,
DH,JFK,228,22-01-04,IAD,4,ontime,,,,,,
DH,JFK,228,22-01-04,IAD,4,ontime,,,,,,
DH,JFK,228,22-01-04,IAD,4,ontime,,,,,,
DH,JFK,228,22-01-04,IAD,4,ontime,,,,,,
DL,JFK,213,22-01-04,DCA,4,ontime,,,,,,
DL,LGA,214,22-01-04,DCA,4,ontime,,,,,,
DL,LGA,214,22-01-04,DCA,4,ontime,,,,,,
DL,LGA,214,22-01-04,DCA,4,ontime,,,,,,
DL,LGA,214,22-01-04,DCA,4,ontime,,,,,,
DL,LGA,214,22-01-04,DCA,4,ontime,,,,,,
DL,LGA,214,22-01-04,DCA,4,ontime,,,,,,
DL,LGA,214,22-01-04,DCA,4,ontime,,,,,,
DL,LGA,214,22-01-04,DCA,4,ontime,,,,,,
DL,LGA,214,22-01-04,DCA,4,delayed,,,,,,
DL,LGA,214,22-01-04,DCA,4,ontime,,,,,,
DL,LGA,214,22-01-04,DCA,4,delayed,,,,,,
DL,LGA,214,22-01-04,DCA,4,delayed,,,,,,
DL,LGA,214,22-01-04,DCA,4,ontime,,,,,,
DL,LGA,214,22-01-04,DCA,4,ontime,,,,,,
DL,LGA,214,22-01-04,DCA,4,ontime,,,,,,
MQ,JFK,213,22-01-04,DCA,4,ontime,,,,,,
MQ,JFK,213,22-01-04,DCA,4,ontime,,,,,,
MQ,JFK,213,22-01-04,DCA,4,ontime,,,,,,
MQ,LGA,214,22-01-04,DCA,4,ontime,,,,,,
MQ,LGA,214,22-01-04,DCA,4,ontime,,,,,,
MQ,LGA,214,22-01-04,DCA,4,ontime,,,,,,
MQ,LGA,214,22-01-04,DCA,4,ontime,,,,,,
MQ,LGA,214,22-01-04,DCA,4,ontime,,,,,,
MQ,LGA,214,22-01-04,DCA,4,ontime,,,,,,
MQ,LGA,214,22-01-04,DCA,4,ontime,,,,,,
MQ,LGA,214,22-01-04,DCA,4,ontime,,,,,,
MQ,LGA,214,22-01-04,DCA,4,ontime,,,,,,
MQ,LGA,214,22-01-04,DCA,4,ontime,,,,,,
UA,LGA,229,22-01-04,IAD,4,ontime,,,,,,
US,LGA,214,22-01-04,DCA,4,ontime,,,,,,
US,LGA,214,22-01-04,DCA,4,ontime,,,,,,
US,LGA,214,22-01-04,DCA,4,ontime,,,,,,
US,LGA,214,22-01-04,DCA,4,ontime,,,,,,
US,LGA,214,22-01-04,DCA,4,ontime,,,,,,
US,LGA,214,22-01-04,DCA,4,ontime,,,,,,
US,LGA,214,22-01-04,DCA,4,ontime,,,,,,
US,LGA,214,22-01-04,DCA,4,ontime,,,,,,
US,LGA,214,22-01-04,DCA,4,ontime,,,,,,
US,LGA,214,22-01-04,DCA,4,ontime,,,,,,
US,LGA,214,22-01-04,DCA,4,ontime,,,,,,
US,LGA,214,22-01-04,DCA,4,ontime,,,,,,
US,LGA,214,22-01-04,DCA,4,ontime,,,,,,
US,LGA,214,22-01-04,DCA,4,ontime,,,,,,
US,LGA,214,22-01-04,DCA,4,ontime,,,,,,
US,LGA,214,22-01-04,DCA,4,delayed,,,,,,
RU,EWR,169,22-01-04,BWI,4,ontime,,,,,,
RU,EWR,169,22-01-04,BWI,4,ontime,,,,,,
RU,EWR,169,22-01-04,BWI,4,ontime,,,,,,
RU,EWR,169,22-01-04,BWI,4,delayed,,,,,,
CO,EWR,199,22-01-04,DCA,4,ontime,,,,,,
CO,EWR,199,22-01-04,DCA,4,ontime,,,,,,
CO,EWR,199,22-01-04,DCA,4,ontime,,,,,,
CO,EWR,199,22-01-04,DCA,4,delayed,,,,,,
DH,EWR,213,22-01-04,IAD,4,ontime,,,,,,
DH,EWR,213,22-01-04,IAD,4,ontime,,,,,,
DH,EWR,213,22-01-04,IAD,4,ontime,,,,,,
DH,EWR,213,22-01-04,IAD,4,ontime,,,,,,
DH,EWR,213,22-01-04,IAD,4,ontime,,,,,,
DH,EWR,213,22-01-04,IAD,4,ontime,,,,,,
RU,EWR,199,22-01-04,DCA,4,ontime,,,,,,
RU,EWR,199,22-01-04,DCA,4,ontime,,,,,,
RU,EWR,199,22-01-04,DCA,4,ontime,,,,,,
RU,EWR,213,22-01-04,IAD,4,ontime,,,,,,
RU,EWR,199,22-01-04,DCA,4,ontime,,,,,,
RU,EWR,213,22-01-04,IAD,4,ontime,,,,,,
RU,EWR,213,22-01-04,IAD,4,ontime,,,,,,
RU,EWR,213,22-01-04,IAD,4,ontime,,,,,,
RU,EWR,213,22-01-04,IAD,4,ontime,,,,,,
RU,EWR,199,22-01-04,DCA,4,ontime,,,,,,
RU,EWR,199,22-01-04,DCA,4,ontime,,,,,,
OH,JFK,184,23-01-04,BWI,5,delayed,,,,,,
DH,JFK,213,23-01-04,DCA,5,ontime,,,,,,
DH,LGA,229,23-01-04,IAD,5,delayed,,,,,,
DH,LGA,229,23-01-04,IAD,5,ontime,,,,,,
DH,LGA,229,23-01-04,IAD,5,delayed,,,,,,
DH,LGA,229,23-01-04,IAD,5,ontime,,,,,,
DH,LGA,229,23-01-04,IAD,5,ontime,,,,,,
DH,JFK,228,23-01-04,IAD,5,ontime,,,,,,
DH,JFK,228,23-01-04,IAD,5,ontime,,,,,,
DH,JFK,228,23-01-04,IAD,5,ontime,,,,,,
DH,JFK,228,23-01-04,IAD,5,ontime,,,,,,
DH,JFK,228,23-01-04,IAD,5,ontime,,,,,,
DH,JFK,228,23-01-04,IAD,5,ontime,,,,,,
DH,JFK,228,23-01-04,IAD,5,ontime,,,,,,
DL,JFK,213,23-01-04,DCA,5,ontime,,,,,,
DL,LGA,214,23-01-04,DCA,5,ontime,,,,,,
DL,LGA,214,23-01-04,DCA,5,ontime,,,,,,
DL,LGA,214,23-01-04,DCA,5,ontime,,,,,,
DL,LGA,214,23-01-04,DCA,5,ontime,,,,,,
DL,LGA,214,23-01-04,DCA,5,ontime,,,,,,
DL,LGA,214,23-01-04,DCA,5,ontime,,,,,,
DL,LGA,214,23-01-04,DCA,5,ontime,,,,,,
DL,LGA,214,23-01-04,DCA,5,ontime,,,,,,
DL,LGA,214,23-01-04,DCA,5,ontime,,,,,,
DL,LGA,214,23-01-04,DCA,5,ontime,,,,,,
DL,LGA,214,23-01-04,DCA,5,ontime,,,,,,
DL,LGA,214,23-01-04,DCA,5,ontime,,,,,,
DL,LGA,214,23-01-04,DCA,5,ontime,,,,,,
DL,LGA,214,23-01-04,DCA,5,ontime,,,,,,
MQ,JFK,213,23-01-04,DCA,5,delayed,,,,,,
MQ,JFK,213,23-01-04,DCA,5,ontime,,,,,,
MQ,JFK,213,23-01-04,DCA,5,ontime,,,,,,
MQ,LGA,214,23-01-04,DCA,5,ontime,,,,,,
MQ,LGA,214,23-01-04,DCA,5,ontime,,,,,,
MQ,LGA,214,23-01-04,DCA,5,ontime,,,,,,
MQ,LGA,214,23-01-04,DCA,5,ontime,,,,,,
MQ,LGA,214,23-01-04,DCA,5,delayed,,,,,,
MQ,LGA,214,23-01-04,DCA,5,ontime,,,,,,
MQ,LGA,214,23-01-04,DCA,5,ontime,,,,,,
MQ,LGA,214,23-01-04,DCA,5,ontime,,,,,,
UA,LGA,229,23-01-04,IAD,5,ontime,,,,,,
US,LGA,214,23-01-04,DCA,5,ontime,,,,,,
US,LGA,214,23-01-04,DCA,5,ontime,,,,,,
US,LGA,214,23-01-04,DCA,5,ontime,,,,,,
US,LGA,214,23-01-04,DCA,5,ontime,,,,,,
US,LGA,214,23-01-04,DCA,5,ontime,,,,,,
US,LGA,214,23-01-04,DCA,5,ontime,,,,,,
US,LGA,214,23-01-04,DCA,5,ontime,,,,,,
US,LGA,214,23-01-04,DCA,5,delayed,,,,,,
US,LGA,214,23-01-04,DCA,5,ontime,,,,,,
US,LGA,214,23-01-04,DCA,5,ontime,,,,,,
US,LGA,214,23-01-04,DCA,5,ontime,,,,,,
US,LGA,214,23-01-04,DCA,5,ontime,,,,,,
US,LGA,214,23-01-04,DCA,5,ontime,,,,,,
US,LGA,214,23-01-04,DCA,5,ontime,,,,,,
US,LGA,214,23-01-04,DCA,5,ontime,,,,,,
RU,EWR,169,23-01-04,BWI,5,delayed,,,,,,
RU,EWR,169,23-01-04,BWI,5,ontime,,,,,,
RU,EWR,169,23-01-04,BWI,5,ontime,,,,,,
RU,EWR,169,23-01-04,BWI,5,ontime,,,,,,
CO,EWR,199,23-01-04,DCA,5,ontime,,,,,,
CO,EWR,199,23-01-04,DCA,5,ontime,,,,,,
CO,EWR,199,23-01-04,DCA,5,ontime,,,,,,
CO,EWR,199,23-01-04,DCA,5,delayed,,,,,,
DH,EWR,213,23-01-04,IAD,5,ontime,,,,,,
DH,EWR,213,23-01-04,IAD,5,delayed,,,,,,
DH,EWR,213,23-01-04,IAD,5,ontime,,,,,,
DH,EWR,213,23-01-04,IAD,5,delayed,,,,,,
DH,EWR,213,23-01-04,IAD,5,ontime,,,,,,
DH,EWR,213,23-01-04,IAD,5,ontime,,,,,,
RU,EWR,199,23-01-04,DCA,5,ontime,,,,,,
RU,EWR,199,23-01-04,DCA,5,ontime,,,,,,
RU,EWR,213,23-01-04,IAD,5,ontime,,,,,,
RU,EWR,199,23-01-04,DCA,5,ontime,,,,,,
RU,EWR,213,23-01-04,IAD,5,ontime,,,,,,
RU,EWR,213,23-01-04,IAD,5,ontime,,,,,,
RU,EWR,213,23-01-04,IAD,5,ontime,,,,,,
RU,EWR,199,23-01-04,DCA,5,delayed,,,,,,
RU,EWR,213,23-01-04,IAD,5,ontime,,,,,,
RU,EWR,199,23-01-04,DCA,5,ontime,,,,,,
RU,EWR,199,23-01-04,DCA,5,ontime,,,,,,
OH,JFK,184,24-01-04,BWI,6,ontime,,,,,,
DH,JFK,213,24-01-04,DCA,6,ontime,,,,,,
DH,LGA,229,24-01-04,IAD,6,ontime,,,,,,
DH,LGA,229,24-01-04,IAD,6,ontime,,,,,,
DH,LGA,229,24-01-04,IAD,6,ontime,,,,,,
DH,JFK,228,24-01-04,IAD,6,ontime,,,,,,
DH,JFK,228,24-01-04,IAD,6,ontime,,,,,,
DH,JFK,228,24-01-04,IAD,6,ontime,,,,,,
DH,JFK,228,24-01-04,IAD,6,delayed,,,,,,
DH,JFK,228,24-01-04,IAD,6,ontime,,,,,,
DH,JFK,228,24-01-04,IAD,6,ontime,,,,,,
DL,JFK,213,24-01-04,DCA,6,delayed,,,,,,
DL,LGA,214,24-01-04,DCA,6,ontime,,,,,,
DL,LGA,214,24-01-04,DCA,6,ontime,,,,,,
DL,LGA,214,24-01-04,DCA,6,ontime,,,,,,
DL,LGA,214,24-01-04,DCA,6,ontime,,,,,,
DL,LGA,214,24-01-04,DCA,6,ontime,,,,,,
DL,LGA,214,24-01-04,DCA,6,ontime,,,,,,
DL,LGA,214,24-01-04,DCA,6,ontime,,,,,,
DL,LGA,214,24-01-04,DCA,6,ontime,,,,,,
MQ,JFK,213,24-01-04,DCA,6,ontime,,,,,,
MQ,JFK,213,24-01-04,DCA,6,ontime,,,,,,
MQ,JFK,213,24-01-04,DCA,6,ontime,,,,,,
MQ,LGA,214,24-01-04,DCA,6,delayed,,,,,,
MQ,LGA,214,24-01-04,DCA,6,ontime,,,,,,
UA,LGA,229,24-01-04,IAD,6,ontime,,,,,,
US,LGA,214,24-01-04,DCA,6,ontime,,,,,,
US,LGA,214,24-01-04,DCA,6,ontime,,,,,,
US,LGA,214,24-01-04,DCA,6,ontime,,,,,,
US,LGA,214,24-01-04,DCA,6,ontime,,,,,,
US,LGA,214,24-01-04,DCA,6,ontime,,,,,,
US,LGA,214,24-01-04,DCA,6,ontime,,,,,,
US,LGA,214,24-01-04,DCA,6,ontime,,,,,,
RU,EWR,169,24-01-04,BWI,6,ontime,,,,,,
RU,EWR,169,24-01-04,BWI,6,ontime,,,,,,
RU,EWR,169,24-01-04,BWI,6,delayed,,,,,,
RU,EWR,169,24-01-04,BWI,6,ontime,,,,,,
CO,EWR,199,24-01-04,DCA,6,ontime,,,,,,
DH,EWR,213,24-01-04,IAD,6,ontime,,,,,,
DH,EWR,213,24-01-04,IAD,6,ontime,,,,,,
DH,EWR,213,24-01-04,IAD,6,ontime,,,,,,
DH,EWR,213,24-01-04,IAD,6,ontime,,,,,,
RU,EWR,199,24-01-04,DCA,6,ontime,,,,,,
RU,EWR,213,24-01-04,IAD,6,ontime,,,,,,
RU,EWR,199,24-01-04,DCA,6,ontime,,,,,,
RU,EWR,213,24-01-04,IAD,6,delayed,,,,,,
RU,EWR,199,24-01-04,DCA,6,ontime,,,,,,
RU,EWR,199,24-01-04,DCA,6,ontime,,,,,,
RU,EWR,213,24-01-04,IAD,6,ontime,,,,,,
RU,EWR,199,24-01-04,DCA,6,ontime,,,,,,
OH,JFK,184,25-01-04,BWI,7,ontime,,,,,,
DH,JFK,213,25-01-04,DCA,7,ontime,,,,,,
DH,LGA,229,25-01-04,IAD,7,ontime,,,,,,
DH,LGA,229,25-01-04,IAD,7,ontime,,,,,,
DH,LGA,229,25-01-04,IAD,7,delayed,,,,,,
DH,LGA,229,25-01-04,IAD,7,delayed,,,,,,
DH,JFK,228,25-01-04,IAD,7,ontime,,,,,,
DH,JFK,228,25-01-04,IAD,7,delayed,,,,,,
DH,JFK,228,25-01-04,IAD,7,ontime,,,,,,
DH,JFK,228,25-01-04,IAD,7,ontime,,,,,,
DH,JFK,228,25-01-04,IAD,7,delayed,,,,,,
DH,JFK,228,25-01-04,IAD,7,delayed,,,,,,
DH,JFK,228,25-01-04,IAD,7,ontime,,,,,,
DL,JFK,213,25-01-04,DCA,7,delayed,,,,,,
DL,LGA,214,25-01-04,DCA,7,ontime,,,,,,
DL,LGA,214,25-01-04,DCA,7,ontime,,,,,,
DL,LGA,214,25-01-04,DCA,7,ontime,,,,,,
DL,LGA,214,25-01-04,DCA,7,ontime,,,,,,
DL,LGA,214,25-01-04,DCA,7,ontime,,,,,,
DL,LGA,214,25-01-04,DCA,7,ontime,,,,,,
DL,LGA,214,25-01-04,DCA,7,ontime,,,,,,
DL,LGA,214,25-01-04,DCA,7,ontime,,,,,,
DL,LGA,214,25-01-04,DCA,7,ontime,,,,,,
DL,LGA,214,25-01-04,DCA,7,ontime,,,,,,
DL,LGA,214,25-01-04,DCA,7,ontime,,,,,,
DL,LGA,214,25-01-04,DCA,7,ontime,,,,,,
MQ,JFK,213,25-01-04,DCA,7,delayed,,,,,,
MQ,JFK,213,25-01-04,DCA,7,ontime,,,,,,
MQ,JFK,213,25-01-04,DCA,7,ontime,,,,,,
MQ,LGA,214,25-01-04,DCA,7,ontime,,,,,,
MQ,LGA,214,25-01-04,DCA,7,delayed,,,,,,
MQ,LGA,214,25-01-04,DCA,7,ontime,,,,,,
MQ,LGA,214,25-01-04,DCA,7,ontime,,,,,,
UA,LGA,229,25-01-04,IAD,7,ontime,,,,,,
US,LGA,214,25-01-04,DCA,7,ontime,,,,,,
US,LGA,214,25-01-04,DCA,7,ontime,,,,,,
US,LGA,214,25-01-04,DCA,7,ontime,,,,,,
US,LGA,214,25-01-04,DCA,7,ontime,,,,,,
US,LGA,214,25-01-04,DCA,7,ontime,,,,,,
US,LGA,214,25-01-04,DCA,7,ontime,,,,,,
US,LGA,214,25-01-04,DCA,7,ontime,,,,,,
US,LGA,214,25-01-04,DCA,7,ontime,,,,,,
US,LGA,214,25-01-04,DCA,7,ontime,,,,,,
US,LGA,214,25-01-04,DCA,7,ontime,,,,,,
US,LGA,214,25-01-04,DCA,7,ontime,,,,,,
US,LGA,214,25-01-04,DCA,7,ontime,,,,,,
US,LGA,214,25-01-04,DCA,7,delayed,,,,,,
RU,EWR,169,25-01-04,BWI,7,ontime,,,,,,
RU,EWR,169,25-01-04,BWI,7,delayed,,,,,,
RU,EWR,169,25-01-04,BWI,7,ontime,,,,,,
RU,EWR,169,25-01-04,BWI,7,ontime,,,,,,
CO,EWR,199,25-01-04,DCA,7,ontime,,,,,,
CO,EWR,199,25-01-04,DCA,7,ontime,,,,,,
CO,EWR,199,25-01-04,DCA,7,ontime,,,,,,
DH,EWR,213,25-01-04,IAD,7,ontime,,,,,,
DH,EWR,213,25-01-04,IAD,7,ontime,,,,,,
DH,EWR,213,25-01-04,IAD,7,ontime,,,,,,
DH,EWR,213,25-01-04,IAD,7,delayed,,,,,,
DH,EWR,213,25-01-04,IAD,7,delayed,,,,,,
RU,EWR,199,25-01-04,DCA,7,delayed,,,,,,
RU,EWR,199,25-01-04,DCA,7,ontime,,,,,,
RU,EWR,213,25-01-04,IAD,7,ontime,,,,,,
RU,EWR,213,25-01-04,IAD,7,delayed,,,,,,
RU,EWR,213,25-01-04,IAD,7,ontime,,,,,,
RU,EWR,213,25-01-04,IAD,7,ontime,,,,,,
RU,EWR,199,25-01-04,DCA,7,ontime,,,,,,
RU,EWR,199,25-01-04,DCA,7,ontime,,,,,,
OH,JFK,184,26-01-04,BWI,1,ontime,,,,,,
DH,LGA,229,26-01-04,IAD,1,ontime,,,,,,
DH,LGA,229,26-01-04,IAD,1,delayed,,,,,,
DH,LGA,229,26-01-04,IAD,1,delayed,,,,,,
DH,LGA,229,26-01-04,IAD,1,delayed,,,,,,
DH,LGA,229,26-01-04,IAD,1,delayed,,,,,,
DH,LGA,229,26-01-04,IAD,1,delayed,,,,,,
DH,JFK,228,26-01-04,IAD,1,ontime,,,,,,
DH,JFK,228,26-01-04,IAD,1,ontime,,,,,,
DH,JFK,228,26-01-04,IAD,1,delayed,,,,,,
DH,JFK,228,26-01-04,IAD,1,delayed,,,,,,
DH,JFK,228,26-01-04,IAD,1,delayed,,,,,,
DH,JFK,228,26-01-04,IAD,1,ontime,,,,,,
DH,JFK,228,26-01-04,IAD,1,ontime,,,,,,
DL,JFK,213,26-01-04,DCA,1,delayed,,,,,,
DL,LGA,214,26-01-04,DCA,1,delayed,,,,,,
DL,LGA,214,26-01-04,DCA,1,ontime,,,,,,
DL,LGA,214,26-01-04,DCA,1,ontime,,,,,,
DL,LGA,214,26-01-04,DCA,1,ontime,,,,,,
DL,LGA,214,26-01-04,DCA,1,ontime,,,,,,
DL,LGA,214,26-01-04,DCA,1,ontime,,,,,,
DL,LGA,214,26-01-04,DCA,1,delayed,,,,,,
DL,LGA,214,26-01-04,DCA,1,delayed,,,,,,
DL,LGA,214,26-01-04,DCA,1,ontime,,,,,,
DL,LGA,214,26-01-04,DCA,1,ontime,,,,,,
DL,LGA,214,26-01-04,DCA,1,ontime,,,,,,
DL,LGA,214,26-01-04,DCA,1,ontime,,,,,,
MQ,JFK,213,26-01-04,DCA,1,delayed,,,,,,
MQ,JFK,213,26-01-04,DCA,1,delayed,,,,,,
MQ,LGA,214,26-01-04,DCA,1,delayed,,,,,,
MQ,LGA,214,26-01-04,DCA,1,delayed,,,,,,
MQ,LGA,214,26-01-04,DCA,1,delayed,,,,,,
MQ,LGA,214,26-01-04,DCA,1,delayed,,,,,,
UA,LGA,229,26-01-04,IAD,1,delayed,,,,,,
US,LGA,214,26-01-04,DCA,1,delayed,,,,,,
US,LGA,214,26-01-04,DCA,1,delayed,,,,,,
US,LGA,214,26-01-04,DCA,1,ontime,,,,,,
US,LGA,214,26-01-04,DCA,1,delayed,,,,,,
US,LGA,214,26-01-04,DCA,1,ontime,,,,,,
US,LGA,214,26-01-04,DCA,1,delayed,,,,,,
US,LGA,214,26-01-04,DCA,1,ontime,,,,,,
US,LGA,214,26-01-04,DCA,1,ontime,,,,,,
US,LGA,214,26-01-04,DCA,1,ontime,,,,,,
US,LGA,214,26-01-04,DCA,1,ontime,,,,,,
US,LGA,214,26-01-04,DCA,1,ontime,,,,,,
US,LGA,214,26-01-04,DCA,1,ontime,,,,,,
US,LGA,214,26-01-04,DCA,1,delayed,,,,,,
RU,EWR,169,26-01-04,BWI,1,delayed,,,,,,
RU,EWR,169,26-01-04,BWI,1,ontime,,,,,,
CO,EWR,199,26-01-04,DCA,1,delayed,,,,,,
CO,EWR,199,26-01-04,DCA,1,delayed,,,,,,
CO,EWR,199,26-01-04,DCA,1,ontime,,,,,,
DH,EWR,213,26-01-04,IAD,1,ontime,,,,,,
DH,EWR,213,26-01-04,IAD,1,delayed,,,,,,
DH,EWR,213,26-01-04,IAD,1,delayed,,,,,,
DH,EWR,213,26-01-04,IAD,1,ontime,,,,,,
DH,EWR,213,26-01-04,IAD,1,delayed,,,,,,
RU,EWR,213,26-01-04,IAD,1,delayed,,,,,,
RU,EWR,199,26-01-04,DCA,1,ontime,,,,,,
RU,EWR,199,26-01-04,DCA,1,ontime,,,,,,
RU,EWR,213,26-01-04,IAD,1,delayed,,,,,,
RU,EWR,213,26-01-04,IAD,1,ontime,,,,,,
RU,EWR,213,26-01-04,IAD,1,delayed,,,,,,
RU,EWR,199,26-01-04,DCA,1,ontime,,,,,,
RU,EWR,199,26-01-04,DCA,1,delayed,,,,,,
OH,JFK,184,27-01-04,BWI,2,ontime,,,,,,
DH,JFK,213,27-01-04,DCA,2,delayed,,,,,,
DH,LGA,229,27-01-04,IAD,2,delayed,,,,,,
DH,LGA,229,27-01-04,IAD,2,delayed,,,,,,
DH,LGA,229,27-01-04,IAD,2,delayed,,,,,,
DH,LGA,229,27-01-04,IAD,2,delayed,,,,,,
DH,LGA,229,27-01-04,IAD,2,ontime,,,,,,
DH,JFK,228,27-01-04,IAD,2,delayed,,,,,,
DH,JFK,228,27-01-04,IAD,2,delayed,,,,,,
DH,JFK,228,27-01-04,IAD,2,delayed,,,,,,
DH,JFK,228,27-01-04,IAD,2,delayed,,,,,,
DH,JFK,228,27-01-04,IAD,2,delayed,,,,,,
DL,JFK,213,27-01-04,DCA,2,delayed,,,,,,
DL,LGA,214,27-01-04,DCA,2,ontime,,,,,,
DL,LGA,214,27-01-04,DCA,2,delayed,,,,,,
DL,LGA,214,27-01-04,DCA,2,ontime,,,,,,
DL,LGA,214,27-01-04,DCA,2,ontime,,,,,,
DL,LGA,214,27-01-04,DCA,2,ontime,,,,,,
DL,LGA,214,27-01-04,DCA,2,delayed,,,,,,
DL,LGA,214,27-01-04,DCA,2,delayed,,,,,,
DL,LGA,214,27-01-04,DCA,2,delayed,,,,,,
MQ,JFK,213,27-01-04,DCA,2,delayed,,,,,,
MQ,JFK,213,27-01-04,DCA,2,delayed,,,,,,
MQ,LGA,214,27-01-04,DCA,2,delayed,,,,,,
MQ,LGA,214,27-01-04,DCA,2,ontime,,,,,,
MQ,LGA,214,27-01-04,DCA,2,delayed,,,,,,
MQ,LGA,214,27-01-04,DCA,2,ontime,,,,,,
MQ,LGA,214,27-01-04,DCA,2,delayed,,,,,,
UA,LGA,229,27-01-04,IAD,2,delayed,,,,,,
US,LGA,214,27-01-04,DCA,2,ontime,,,,,,
US,LGA,214,27-01-04,DCA,2,ontime,,,,,,
US,LGA,214,27-01-04,DCA,2,ontime,,,,,,
US,LGA,214,27-01-04,DCA,2,ontime,,,,,,
US,LGA,214,27-01-04,DCA,2,ontime,,,,,,
US,LGA,214,27-01-04,DCA,2,ontime,,,,,,
US,LGA,214,27-01-04,DCA,2,ontime,,,,,,
US,LGA,214,27-01-04,DCA,2,ontime,,,,,,
US,LGA,214,27-01-04,DCA,2,ontime,,,,,,
US,LGA,214,27-01-04,DCA,2,ontime,,,,,,
US,LGA,214,27-01-04,DCA,2,ontime,,,,,,
US,LGA,214,27-01-04,DCA,2,ontime,,,,,,
RU,EWR,169,27-01-04,BWI,2,delayed,,,,,,
CO,EWR,199,27-01-04,DCA,2,delayed,,,,,,
CO,EWR,199,27-01-04,DCA,2,delayed,,,,,,
DH,EWR,213,27-01-04,IAD,2,delayed,,,,,,
DH,EWR,213,27-01-04,IAD,2,delayed,,,,,,
DH,EWR,213,27-01-04,IAD,2,delayed,,,,,,
DH,EWR,213,27-01-04,IAD,2,delayed,,,,,,
DH,EWR,213,27-01-04,IAD,2,delayed,,,,,,
RU,EWR,213,27-01-04,IAD,2,delayed,,,,,,
RU,EWR,213,27-01-04,IAD,2,delayed,,,,,,
RU,EWR,199,27-01-04,DCA,2,ontime,,,,,,
OH,JFK,184,28-01-04,BWI,3,ontime,,,,,,
DH,JFK,213,28-01-04,DCA,3,ontime,,,,,,
DH,LGA,229,28-01-04,IAD,3,ontime,,,,,,
DH,LGA,229,28-01-04,IAD,3,delayed,,,,,,
DH,LGA,229,28-01-04,IAD,3,ontime,,,,,,
DH,LGA,229,28-01-04,IAD,3,delayed,,,,,,
DH,LGA,229,28-01-04,IAD,3,ontime,,,,,,
DH,LGA,229,28-01-04,IAD,3,ontime,,,,,,
DH,JFK,228,28-01-04,IAD,3,delayed,,,,,,
DH,JFK,228,28-01-04,IAD,3,delayed,,,,,,
DH,JFK,228,28-01-04,IAD,3,ontime,,,,,,
DH,JFK,228,28-01-04,IAD,3,ontime,,,,,,
DH,JFK,228,28-01-04,IAD,3,delayed,,,,,,
DH,JFK,228,28-01-04,IAD,3,ontime,,,,,,
DH,JFK,228,28-01-04,IAD,3,ontime,,,,,,
DL,JFK,213,28-01-04,DCA,3,ontime,,,,,,
DL,LGA,214,28-01-04,DCA,3,ontime,,,,,,
DL,LGA,214,28-01-04,DCA,3,ontime,,,,,,
DL,LGA,214,28-01-04,DCA,3,ontime,,,,,,
DL,LGA,214,28-01-04,DCA,3,ontime,,,,,,
DL,LGA,214,28-01-04,DCA,3,ontime,,,,,,
DL,LGA,214,28-01-04,DCA,3,ontime,,,,,,
DL,LGA,214,28-01-04,DCA,3,ontime,,,,,,
DL,LGA,214,28-01-04,DCA,3,delayed,,,,,,
MQ,JFK,213,28-01-04,DCA,3,ontime,,,,,,
MQ,JFK,213,28-01-04,DCA,3,ontime,,,,,,
MQ,LGA,214,28-01-04,DCA,3,delayed,,,,,,
MQ,LGA,214,28-01-04,DCA,3,delayed,,,,,,
MQ,LGA,214,28-01-04,DCA,3,ontime,,,,,,
MQ,LGA,214,28-01-04,DCA,3,ontime,,,,,,
MQ,LGA,214,28-01-04,DCA,3,delayed,,,,,,
MQ,LGA,214,28-01-04,DCA,3,delayed,,,,,,
UA,LGA,229,28-01-04,IAD,3,ontime,,,,,,
US,LGA,214,28-01-04,DCA,3,ontime,,,,,,
US,LGA,214,28-01-04,DCA,3,ontime,,,,,,
US,LGA,214,28-01-04,DCA,3,delayed,,,,,,
US,LGA,214,28-01-04,DCA,3,delayed,,,,,,
US,LGA,214,28-01-04,DCA,3,ontime,,,,,,
US,LGA,214,28-01-04,DCA,3,ontime,,,,,,
US,LGA,214,28-01-04,DCA,3,ontime,,,,,,
US,LGA,214,28-01-04,DCA,3,delayed,,,,,,
US,LGA,214,28-01-04,DCA,3,delayed,,,,,,
US,LGA,214,28-01-04,DCA,3,ontime,,,,,,
US,LGA,214,28-01-04,DCA,3,ontime,,,,,,
US,LGA,214,28-01-04,DCA,3,ontime,,,,,,
US,LGA,214,28-01-04,DCA,3,delayed,,,,,,
US,LGA,214,28-01-04,DCA,3,ontime,,,,,,
RU,EWR,169,28-01-04,BWI,3,ontime,,,,,,
RU,EWR,169,28-01-04,BWI,3,ontime,,,,,,
RU,EWR,169,28-01-04,BWI,3,delayed,,,,,,
CO,EWR,199,28-01-04,DCA,3,ontime,,,,,,
CO,EWR,199,28-01-04,DCA,3,delayed,,,,,,
CO,EWR,199,28-01-04,DCA,3,ontime,,,,,,
DH,EWR,213,28-01-04,IAD,3,ontime,,,,,,
DH,EWR,213,28-01-04,IAD,3,delayed,,,,,,
DH,EWR,213,28-01-04,IAD,3,delayed,,,,,,
DH,EWR,213,28-01-04,IAD,3,ontime,,,,,,
DH,EWR,213,28-01-04,IAD,3,ontime,,,,,,
DH,EWR,213,28-01-04,IAD,3,ontime,,,,,,
RU,EWR,199,28-01-04,DCA,3,ontime,,,,,,
RU,EWR,213,28-01-04,IAD,3,ontime,,,,,,
RU,EWR,199,28-01-04,DCA,3,delayed,,,,,,
RU,EWR,213,28-01-04,IAD,3,ontime,,,,,,
RU,EWR,199,28-01-04,DCA,3,ontime,,,,,,
RU,EWR,199,28-01-04,DCA,3,delayed,,,,,,
RU,EWR,213,28-01-04,IAD,3,ontime,,,,,,
RU,EWR,199,28-01-04,DCA,3,ontime,,,,,,
RU,EWR,213,28-01-04,IAD,3,ontime,,,,,,
OH,JFK,184,29-01-04,BWI,4,ontime,,,,,,
DH,JFK,213,29-01-04,DCA,4,ontime,,,,,,
DH,LGA,229,29-01-04,IAD,4,delayed,,,,,,
DH,LGA,229,29-01-04,IAD,4,delayed,,,,,,
DH,LGA,229,29-01-04,IAD,4,delayed,,,,,,
DH,LGA,229,29-01-04,IAD,4,ontime,,,,,,
DH,LGA,229,29-01-04,IAD,4,delayed,,,,,,
DH,JFK,228,29-01-04,IAD,4,ontime,,,,,,
DH,JFK,228,29-01-04,IAD,4,ontime,,,,,,
DH,JFK,228,29-01-04,IAD,4,ontime,,,,,,
DH,JFK,228,29-01-04,IAD,4,ontime,,,,,,
DH,JFK,228,29-01-04,IAD,4,ontime,,,,,,
DH,JFK,228,29-01-04,IAD,4,ontime,,,,,,
DH,JFK,228,29-01-04,IAD,4,ontime,,,,,,
DL,JFK,213,29-01-04,DCA,4,delayed,,,,,,
DL,LGA,214,29-01-04,DCA,4,ontime,,,,,,
DL,LGA,214,29-01-04,DCA,4,ontime,,,,,,
DL,LGA,214,29-01-04,DCA,4,delayed,,,,,,
DL,LGA,214,29-01-04,DCA,4,ontime,,,,,,
DL,LGA,214,29-01-04,DCA,4,ontime,,,,,,
DL,LGA,214,29-01-04,DCA,4,ontime,,,,,,
DL,LGA,214,29-01-04,DCA,4,ontime,,,,,,
DL,LGA,214,29-01-04,DCA,4,ontime,,,,,,
DL,LGA,214,29-01-04,DCA,4,ontime,,,,,,
DL,LGA,214,29-01-04,DCA,4,ontime,,,,,,
DL,LGA,214,29-01-04,DCA,4,ontime,,,,,,
DL,LGA,214,29-01-04,DCA,4,ontime,,,,,,
DL,LGA,214,29-01-04,DCA,4,ontime,,,,,,
DL,LGA,214,29-01-04,DCA,4,ontime,,,,,,
MQ,JFK,213,29-01-04,DCA,4,delayed,,,,,,
MQ,JFK,213,29-01-04,DCA,4,ontime,,,,,,
MQ,JFK,213,29-01-04,DCA,4,ontime,,,,,,
MQ,LGA,214,29-01-04,DCA,4,delayed,,,,,,
MQ,LGA,214,29-01-04,DCA,4,ontime,,,,,,
MQ,LGA,214,29-01-04,DCA,4,ontime,,,,,,
MQ,LGA,214,29-01-04,DCA,4,ontime,,,,,,
MQ,LGA,214,29-01-04,DCA,4,delayed,,,,,,
MQ,LGA,214,29-01-04,DCA,4,delayed,,,,,,
MQ,LGA,214,29-01-04,DCA,4,ontime,,,,,,
MQ,LGA,214,29-01-04,DCA,4,ontime,,,,,,
UA,LGA,229,29-01-04,IAD,4,ontime,,,,,,
US,LGA,214,29-01-04,DCA,4,ontime,,,,,,
US,LGA,214,29-01-04,DCA,4,delayed,,,,,,
US,LGA,214,29-01-04,DCA,4,ontime,,,,,,
US,LGA,214,29-01-04,DCA,4,ontime,,,,,,
US,LGA,214,29-01-04,DCA,4,ontime,,,,,,
US,LGA,214,29-01-04,DCA,4,ontime,,,,,,
US,LGA,214,29-01-04,DCA,4,ontime,,,,,,
US,LGA,214,29-01-04,DCA,4,ontime,,,,,,
US,LGA,214,29-01-04,DCA,4,ontime,,,,,,
US,LGA,214,29-01-04,DCA,4,ontime,,,,,,
US,LGA,214,29-01-04,DCA,4,ontime,,,,,,
US,LGA,214,29-01-04,DCA,4,ontime,,,,,,
US,LGA,214,29-01-04,DCA,4,ontime,,,,,,
US,LGA,214,29-01-04,DCA,4,ontime,,,,,,
US,LGA,214,29-01-04,DCA,4,ontime,,,,,,
US,LGA,214,29-01-04,DCA,4,ontime,,,,,,
RU,EWR,169,29-01-04,BWI,4,ontime,,,,,,
RU,EWR,169,29-01-04,BWI,4,ontime,,,,,,
RU,EWR,169,29-01-04,BWI,4,ontime,,,,,,
RU,EWR,169,29-01-04,BWI,4,ontime,,,,,,
CO,EWR,199,29-01-04,DCA,4,ontime,,,,,,
CO,EWR,199,29-01-04,DCA,4,ontime,,,,,,
CO,EWR,199,29-01-04,DCA,4,ontime,,,,,,
CO,EWR,199,29-01-04,DCA,4,ontime,,,,,,
DH,EWR,213,29-01-04,IAD,4,delayed,,,,,,
DH,EWR,213,29-01-04,IAD,4,ontime,,,,,,
DH,EWR,213,29-01-04,IAD,4,ontime,,,,,,
DH,EWR,213,29-01-04,IAD,4,delayed,,,,,,
DH,EWR,213,29-01-04,IAD,4,ontime,,,,,,
DH,EWR,213,29-01-04,IAD,4,ontime,,,,,,
RU,EWR,199,29-01-04,DCA,4,ontime,,,,,,
RU,EWR,199,29-01-04,DCA,4,ontime,,,,,,
RU,EWR,213,29-01-04,IAD,4,ontime,,,,,,
RU,EWR,199,29-01-04,DCA,4,ontime,,,,,,
RU,EWR,213,29-01-04,IAD,4,ontime,,,,,,
RU,EWR,213,29-01-04,IAD,4,ontime,,,,,,
RU,EWR,199,29-01-04,DCA,4,delayed,,,,,,
RU,EWR,213,29-01-04,IAD,4,ontime,,,,,,
RU,EWR,199,29-01-04,DCA,4,delayed,,,,,,
RU,EWR,199,29-01-04,DCA,4,ontime,,,,,,
RU,EWR,213,29-01-04,IAD,4,ontime,,,,,,
OH,JFK,184,30-01-04,BWI,5,ontime,,,,,,
DH,JFK,213,30-01-04,DCA,5,ontime,,,,,,
DH,LGA,229,30-01-04,IAD,5,ontime,,,,,,
DH,LGA,229,30-01-04,IAD,5,delayed,,,,,,
DH,LGA,229,30-01-04,IAD,5,ontime,,,,,,
DH,LGA,229,30-01-04,IAD,5,ontime,,,,,,
DH,LGA,229,30-01-04,IAD,5,ontime,,,,,,
DH,LGA,229,30-01-04,IAD,5,ontime,,,,,,
DH,JFK,228,30-01-04,IAD,5,ontime,,,,,,
DH,JFK,228,30-01-04,IAD,5,ontime,,,,,,
DH,JFK,228,30-01-04,IAD,5,ontime,,,,,,
DH,JFK,228,30-01-04,IAD,5,ontime,,,,,,
DH,JFK,228,30-01-04,IAD,5,ontime,,,,,,
DH,JFK,228,30-01-04,IAD,5,delayed,,,,,,
DH,JFK,228,30-01-04,IAD,5,ontime,,,,,,
DL,JFK,213,30-01-04,DCA,5,delayed,,,,,,
DL,LGA,214,30-01-04,DCA,5,ontime,,,,,,
DL,LGA,214,30-01-04,DCA,5,ontime,,,,,,
DL,LGA,214,30-01-04,DCA,5,ontime,,,,,,
DL,LGA,214,30-01-04,DCA,5,ontime,,,,,,
DL,LGA,214,30-01-04,DCA,5,ontime,,,,,,
DL,LGA,214,30-01-04,DCA,5,ontime,,,,,,
DL,LGA,214,30-01-04,DCA,5,ontime,,,,,,
DL,LGA,214,30-01-04,DCA,5,ontime,,,,,,
DL,LGA,214,30-01-04,DCA,5,ontime,,,,,,
DL,LGA,214,30-01-04,DCA,5,ontime,,,,,,
DL,LGA,214,30-01-04,DCA,5,ontime,,,,,,
DL,LGA,214,30-01-04,DCA,5,ontime,,,,,,
DL,LGA,214,30-01-04,DCA,5,ontime,,,,,,
DL,LGA,214,30-01-04,DCA,5,ontime,,,,,,
DL,LGA,214,30-01-04,DCA,5,ontime,,,,,,
MQ,JFK,213,30-01-04,DCA,5,ontime,,,,,,
MQ,JFK,213,30-01-04,DCA,5,ontime,,,,,,
MQ,LGA,214,30-01-04,DCA,5,ontime,,,,,,
MQ,LGA,214,30-01-04,DCA,5,delayed,,,,,,
MQ,LGA,214,30-01-04,DCA,5,ontime,,,,,,
MQ,LGA,214,30-01-04,DCA,5,ontime,,,,,,
MQ,LGA,214,30-01-04,DCA,5,ontime,,,,,,
MQ,LGA,214,30-01-04,DCA,5,ontime,,,,,,
MQ,LGA,214,30-01-04,DCA,5,ontime,,,,,,
MQ,LGA,214,30-01-04,DCA,5,delayed,,,,,,
MQ,LGA,214,30-01-04,DCA,5,ontime,,,,,,
UA,LGA,229,30-01-04,IAD,5,ontime,,,,,,
US,LGA,214,30-01-04,DCA,5,ontime,,,,,,
US,LGA,214,30-01-04,DCA,5,ontime,,,,,,
US,LGA,214,30-01-04,DCA,5,ontime,,,,,,
US,LGA,214,30-01-04,DCA,5,ontime,,,,,,
US,LGA,214,30-01-04,DCA,5,ontime,,,,,,
US,LGA,214,30-01-04,DCA,5,ontime,,,,,,
US,LGA,214,30-01-04,DCA,5,ontime,,,,,,
US,LGA,214,30-01-04,DCA,5,ontime,,,,,,
US,LGA,214,30-01-04,DCA,5,ontime,,,,,,
US,LGA,214,30-01-04,DCA,5,ontime,,,,,,
US,LGA,214,30-01-04,DCA,5,ontime,,,,,,
US,LGA,214,30-01-04,DCA,5,delayed,,,,,,
US,LGA,214,30-01-04,DCA,5,ontime,,,,,,
US,LGA,214,30-01-04,DCA,5,ontime,,,,,,
US,LGA,214,30-01-04,DCA,5,ontime,,,,,,
US,LGA,214,30-01-04,DCA,5,ontime,,,,,,
RU,EWR,169,30-01-04,BWI,5,delayed,,,,,,
RU,EWR,169,30-01-04,BWI,5,ontime,,,,,,
RU,EWR,169,30-01-04,BWI,5,delayed,,,,,,
RU,EWR,169,30-01-04,BWI,5,ontime,,,,,,
CO,EWR,199,30-01-04,DCA,5,ontime,,,,,,
CO,EWR,199,30-01-04,DCA,5,ontime,,,,,,
CO,EWR,199,30-01-04,DCA,5,ontime,,,,,,
CO,EWR,199,30-01-04,DCA,5,ontime,,,,,,
DH,EWR,213,30-01-04,IAD,5,ontime,,,,,,
DH,EWR,213,30-01-04,IAD,5,ontime,,,,,,
DH,EWR,213,30-01-04,IAD,5,delayed,,,,,,
DH,EWR,213,30-01-04,IAD,5,ontime,,,,,,
DH,EWR,213,30-01-04,IAD,5,ontime,,,,,,
DH,EWR,213,30-01-04,IAD,5,ontime,,,,,,
RU,EWR,213,30-01-04,IAD,5,ontime,,,,,,
RU,EWR,199,30-01-04,DCA,5,ontime,,,,,,
RU,EWR,213,30-01-04,IAD,5,delayed,,,,,,
RU,EWR,213,30-01-04,IAD,5,delayed,,,,,,
RU,EWR,199,30-01-04,DCA,5,ontime,,,,,,
RU,EWR,199,30-01-04,DCA,5,delayed,,,,,,
RU,EWR,199,30-01-04,DCA,5,delayed,,,,,,
RU,EWR,199,30-01-04,DCA,5,ontime,,,,,,
RU,EWR,199,30-01-04,DCA,5,ontime,,,,,,
RU,EWR,213,30-01-04,IAD,5,delayed,,,,,,
RU,EWR,213,30-01-04,IAD,5,delayed,,,,,,
OH,JFK,184,31-01-04,BWI,6,ontime,,,,,,
DH,JFK,213,31-01-04,DCA,6,ontime,,,,,,
DH,LGA,229,31-01-04,IAD,6,ontime,,,,,,
DH,LGA,229,31-01-04,IAD,6,ontime,,,,,,
DH,LGA,229,31-01-04,IAD,6,ontime,,,,,,
DH,JFK,228,31-01-04,IAD,6,delayed,,,,,,
DH,JFK,228,31-01-04,IAD,6,ontime,,,,,,
DH,JFK,228,31-01-04,IAD,6,ontime,,,,,,
DH,JFK,228,31-01-04,IAD,6,ontime,,,,,,
DH,JFK,228,31-01-04,IAD,6,ontime,,,,,,
DH,JFK,228,31-01-04,IAD,6,ontime,,,,,,
DL,JFK,213,31-01-04,DCA,6,ontime,,,,,,
DL,LGA,214,31-01-04,DCA,6,ontime,,,,,,
DL,LGA,214,31-01-04,DCA,6,delayed,,,,,,
DL,LGA,214,31-01-04,DCA,6,ontime,,,,,,
DL,LGA,214,31-01-04,DCA,6,ontime,,,,,,
DL,LGA,214,31-01-04,DCA,6,ontime,,,,,,
DL,LGA,214,31-01-04,DCA,6,ontime,,,,,,
DL,LGA,214,31-01-04,DCA,6,ontime,,,,,,
DL,LGA,214,31-01-04,DCA,6,ontime,,,,,,
MQ,JFK,213,31-01-04,DCA,6,ontime,,,,,,
MQ,JFK,213,31-01-04,DCA,6,ontime,,,,,,
MQ,JFK,213,31-01-04,DCA,6,ontime,,,,,,
MQ,LGA,214,31-01-04,DCA,6,ontime,,,,,,
MQ,LGA,214,31-01-04,DCA,6,ontime,,,,,,
UA,LGA,229,31-01-04,IAD,6,ontime,,,,,,
US,LGA,214,31-01-04,DCA,6,ontime,,,,,,
US,LGA,214,31-01-04,DCA,6,ontime,,,,,,
US,LGA,214,31-01-04,DCA,6,ontime,,,,,,
US,LGA,214,31-01-04,DCA,6,ontime,,,,,,
US,LGA,214,31-01-04,DCA,6,ontime,,,,,,
US,LGA,214,31-01-04,DCA,6,ontime,,,,,,
US,LGA,214,31-01-04,DCA,6,ontime,,,,,,
RU,EWR,169,31-01-04,BWI,6,ontime,,,,,,
RU,EWR,169,31-01-04,BWI,6,ontime,,,,,,
RU,EWR,169,31-01-04,BWI,6,ontime,,,,,,
RU,EWR,169,31-01-04,BWI,6,ontime,,,,,,
CO,EWR,199,31-01-04,DCA,6,ontime,,,,,,
DH,EWR,213,31-01-04,IAD,6,ontime,,,,,,
DH,EWR,213,31-01-04,IAD,6,ontime,,,,,,
DH,EWR,213,31-01-04,IAD,6,ontime,,,,,,
DH,EWR,213,31-01-04,IAD,6,ontime,,,,,,
RU,EWR,213,31-01-04,IAD,6,ontime,,,,,,
RU,EWR,199,31-01-04,DCA,6,ontime,,,,,,
RU,EWR,213,31-01-04,IAD,6,ontime,,,,,,
RU,EWR,199,31-01-04,DCA,6,ontime,,,,,,
RU,EWR,213,31-01-04,IAD,6,ontime,,,,,,
RU,EWR,199,31-01-04,DCA,6,ontime,,,,,,
RU,EWR,199,31-01-04,DCA,6,ontime,,,,,,
RU,EWR,199,31-01-04,DCA,6,ontime,,,,,,
